id,raw_date,day_key
5771082543,2026-07-15,5771082543_2026-07-15
5743633024,2026-07-15,5743633024_2026-07-15
5710686417,2026-07-15,5710686417_2026-07-15
5697414865,2026-07-15,5697414865_2026-07-15
5697060529,2026-07-15,5697060529_2026-07-15
5800081827,2026-07-15,5800081827_2026-07-15
5800054332,2026-07-15,5800054332_2026-07-15
5799678696,2026-07-15,5799678696_2026-07-15
5799550058,2026-07-15,5799550058_2026-07-15
5799550062,2026-07-15,5799550062_2026-07-15
5796594231,2026-07-15,5796594231_2026-07-15
5796594236,2026-07-15,5796594236_2026-07-15
5796592934,2026-07-15,5796592934_2026-07-15
5796592947,2026-07-15,5796592947_2026-07-15
5796592933,2026-07-15,5796592933_2026-07-15
5796592937,2026-07-15,5796592937_2026-07-15
5796588595,2026-07-15,5796588595_2026-07-15
5796586463,2026-07-15,5796586463_2026-07-15
5795993931,2026-07-15,5795993931_2026-07-15
5795993941,2026-07-15,5795993941_2026-07-15
5795993955,2026-07-15,5795993955_2026-07-15
5795993952,2026-07-15,5795993952_2026-07-15
5795993915,2026-07-15,5795993915_2026-07-15
5795993970,2026-07-15,5795993970_2026-07-15
5795993973,2026-07-15,5795993973_2026-07-15
5795866489,2026-07-15,5795866489_2026-07-15
5795866479,2026-07-15,5795866479_2026-07-15
5795862941,2026-07-15,5795862941_2026-07-15
5795857115,2026-07-15,5795857115_2026-07-15
5795857111,2026-07-15,5795857111_2026-07-15
5795857112,2026-07-15,5795857112_2026-07-15
5795857109,2026-07-15,5795857109_2026-07-15
5794999997,2026-07-15,5794999997_2026-07-15
5794994204,2026-07-15,5794994204_2026-07-15
5794509199,2026-07-15,5794509199_2026-07-15
5794509175,2026-07-15,5794509175_2026-07-15
5793752746,2026-07-15,5793752746_2026-07-15
5793110760,2026-07-15,5793110760_2026-07-15
5793110702,2026-07-15,5793110702_2026-07-15
5792942508,2026-07-15,5792942508_2026-07-15
5792910984,2026-07-15,5792910984_2026-07-15
5792910988,2026-07-15,5792910988_2026-07-15
5792039322,2026-07-15,5792039322_2026-07-15
5792033156,2026-07-15,5792033156_2026-07-15
5791546201,2026-07-15,5791546201_2026-07-15
5789983750,2026-07-15,5789983750_2026-07-15
5789983727,2026-07-15,5789983727_2026-07-15
5789304068,2026-07-15,5789304068_2026-07-15
5788068645,2026-07-15,5788068645_2026-07-15
5785342380,2026-07-15,5785342380_2026-07-15
5784579914,2026-07-15,5784579914_2026-07-15
5782635396,2026-07-15,5782635396_2026-07-15
5781210231,2026-07-15,5781210231_2026-07-15
5780843790,2026-07-15,5780843790_2026-07-15
5780839632,2026-07-15,5780839632_2026-07-15
5780837143,2026-07-15,5780837143_2026-07-15
5780811426,2026-07-15,5780811426_2026-07-15
5780808562,2026-07-15,5780808562_2026-07-15
5780776381,2026-07-15,5780776381_2026-07-15
5780775563,2026-07-15,5780775563_2026-07-15
5780775252,2026-07-15,5780775252_2026-07-15
5780773938,2026-07-15,5780773938_2026-07-15
5780773750,2026-07-15,5780773750_2026-07-15
5780772781,2026-07-15,5780772781_2026-07-15
5780772558,2026-07-15,5780772558_2026-07-15
5780772205,2026-07-15,5780772205_2026-07-15
5780769882,2026-07-15,5780769882_2026-07-15
5780769836,2026-07-15,5780769836_2026-07-15
5780766957,2026-07-15,5780766957_2026-07-15
5780762559,2026-07-15,5780762559_2026-07-15
5780762339,2026-07-15,5780762339_2026-07-15
5780762292,2026-07-15,5780762292_2026-07-15
5780762121,2026-07-15,5780762121_2026-07-15
5780761573,2026-07-15,5780761573_2026-07-15
5780761492,2026-07-15,5780761492_2026-07-15
5780760698,2026-07-15,5780760698_2026-07-15
5780757990,2026-07-15,5780757990_2026-07-15
5780753927,2026-07-15,5780753927_2026-07-15
5780748445,2026-07-15,5780748445_2026-07-15
5780747936,2026-07-15,5780747936_2026-07-15
5780747745,2026-07-15,5780747745_2026-07-15
5780736797,2026-07-15,5780736797_2026-07-15
5780736733,2026-07-15,5780736733_2026-07-15
5780734663,2026-07-15,5780734663_2026-07-15
5780734489,2026-07-15,5780734489_2026-07-15
5780734303,2026-07-15,5780734303_2026-07-15
5780734297,2026-07-15,5780734297_2026-07-15
5780733067,2026-07-15,5780733067_2026-07-15
5780732921,2026-07-15,5780732921_2026-07-15
5780728325,2026-07-15,5780728325_2026-07-15
5780727960,2026-07-15,5780727960_2026-07-15
5780727284,2026-07-15,5780727284_2026-07-15
5780694661,2026-07-15,5780694661_2026-07-15
5780684251,2026-07-15,5780684251_2026-07-15
5780684014,2026-07-15,5780684014_2026-07-15
5780683745,2026-07-15,5780683745_2026-07-15
5780683690,2026-07-15,5780683690_2026-07-15
5780683665,2026-07-15,5780683665_2026-07-15
5780676141,2026-07-15,5780676141_2026-07-15
5780666027,2026-07-15,5780666027_2026-07-15
5780665607,2026-07-15,5780665607_2026-07-15
5780664473,2026-07-15,5780664473_2026-07-15
5780607316,2026-07-15,5780607316_2026-07-15
5780603430,2026-07-15,5780603430_2026-07-15
5779305784,2026-07-15,5779305784_2026-07-15
5778342063,2026-07-15,5778342063_2026-07-15
5777894503,2026-07-15,5777894503_2026-07-15
5776993857,2026-07-15,5776993857_2026-07-15
5776964765,2026-07-15,5776964765_2026-07-15
5776927803,2026-07-15,5776927803_2026-07-15
5775155479,2026-07-15,5775155479_2026-07-15
5770618513,2026-07-15,5770618513_2026-07-15
5768387462,2026-07-15,5768387462_2026-07-15
5768387449,2026-07-15,5768387449_2026-07-15
5767582827,2026-07-15,5767582827_2026-07-15
5766918054,2026-07-15,5766918054_2026-07-15
5766427836,2026-07-15,5766427836_2026-07-15
5766405912,2026-07-15,5766405912_2026-07-15
5764599590,2026-07-15,5764599590_2026-07-15
5758291983,2026-07-15,5758291983_2026-07-15
5756912166,2026-07-15,5756912166_2026-07-15
5753431021,2026-07-15,5753431021_2026-07-15
5753425721,2026-07-15,5753425721_2026-07-15
5753423662,2026-07-15,5753423662_2026-07-15
5753276487,2026-07-15,5753276487_2026-07-15
5752873741,2026-07-15,5752873741_2026-07-15
5751318463,2026-07-15,5751318463_2026-07-15
5750071716,2026-07-15,5750071716_2026-07-15
5745218975,2026-07-15,5745218975_2026-07-15
5744678834,2026-07-15,5744678834_2026-07-15
5744267844,2026-07-15,5744267844_2026-07-15
5742952443,2026-07-15,5742952443_2026-07-15
5706545739,2026-07-15,5706545739_2026-07-15
5704174529,2026-07-15,5704174529_2026-07-15
5661700267,2026-07-15,5661700267_2026-07-15
5655195272,2026-07-15,5655195272_2026-07-15
5549197295,2026-07-15,5549197295_2026-07-15
5800180701,2026-07-15,5800180701_2026-07-15
5790073261,2026-07-15,5790073261_2026-07-15
5760414295,2026-07-15,5760414295_2026-07-15
5760380207,2026-07-15,5760380207_2026-07-15
5487693705,2026-07-15,5487693705_2026-07-15
5472371029,2026-07-15,5472371029_2026-07-15
5398528750,2026-07-15,5398528750_2026-07-15
4791447253,2026-07-15,4791447253_2026-07-15
5771082543,2026-07-16,5771082543_2026-07-16
5743633024,2026-07-16,5743633024_2026-07-16
5710686417,2026-07-16,5710686417_2026-07-16
5697414865,2026-07-16,5697414865_2026-07-16
5697060529,2026-07-16,5697060529_2026-07-16
5801984323,2026-07-16,5801984323_2026-07-16
5801979427,2026-07-16,5801979427_2026-07-16
5801975163,2026-07-16,5801975163_2026-07-16
5801605392,2026-07-16,5801605392_2026-07-16
5800081827,2026-07-16,5800081827_2026-07-16
5800054332,2026-07-16,5800054332_2026-07-16
5799678696,2026-07-16,5799678696_2026-07-16
5799550062,2026-07-16,5799550062_2026-07-16
5799550058,2026-07-16,5799550058_2026-07-16
5796594236,2026-07-16,5796594236_2026-07-16
5796594231,2026-07-16,5796594231_2026-07-16
5796592947,2026-07-16,5796592947_2026-07-16
5796592937,2026-07-16,5796592937_2026-07-16
5796592934,2026-07-16,5796592934_2026-07-16
5796592933,2026-07-16,5796592933_2026-07-16
5796588595,2026-07-16,5796588595_2026-07-16
5796586463,2026-07-16,5796586463_2026-07-16
5795993931,2026-07-16,5795993931_2026-07-16
5795993941,2026-07-16,5795993941_2026-07-16
5795993955,2026-07-16,5795993955_2026-07-16
5795993952,2026-07-16,5795993952_2026-07-16
5795993915,2026-07-16,5795993915_2026-07-16
5795993970,2026-07-16,5795993970_2026-07-16
5795993973,2026-07-16,5795993973_2026-07-16
5795866489,2026-07-16,5795866489_2026-07-16
5795866479,2026-07-16,5795866479_2026-07-16
5795862941,2026-07-16,5795862941_2026-07-16
5795857115,2026-07-16,5795857115_2026-07-16
5795857109,2026-07-16,5795857109_2026-07-16
5795857112,2026-07-16,5795857112_2026-07-16
5795857111,2026-07-16,5795857111_2026-07-16
5794999997,2026-07-16,5794999997_2026-07-16
5794994204,2026-07-16,5794994204_2026-07-16
5794509199,2026-07-16,5794509199_2026-07-16
5794509175,2026-07-16,5794509175_2026-07-16
5793752746,2026-07-16,5793752746_2026-07-16
5793110760,2026-07-16,5793110760_2026-07-16
5793110702,2026-07-16,5793110702_2026-07-16
5792942508,2026-07-16,5792942508_2026-07-16
5792910984,2026-07-16,5792910984_2026-07-16
5792910988,2026-07-16,5792910988_2026-07-16
5792039322,2026-07-16,5792039322_2026-07-16
5792033156,2026-07-16,5792033156_2026-07-16
5791546201,2026-07-16,5791546201_2026-07-16
5789983750,2026-07-16,5789983750_2026-07-16
5789983727,2026-07-16,5789983727_2026-07-16
5789304068,2026-07-16,5789304068_2026-07-16
5788068645,2026-07-16,5788068645_2026-07-16
5784667794,2026-07-16,5784667794_2026-07-16
5780843790,2026-07-16,5780843790_2026-07-16
5780839632,2026-07-16,5780839632_2026-07-16
5780837143,2026-07-16,5780837143_2026-07-16
5780811426,2026-07-16,5780811426_2026-07-16
5780808562,2026-07-16,5780808562_2026-07-16
5780776381,2026-07-16,5780776381_2026-07-16
5780775563,2026-07-16,5780775563_2026-07-16
5780775252,2026-07-16,5780775252_2026-07-16
5780773938,2026-07-16,5780773938_2026-07-16
5780773750,2026-07-16,5780773750_2026-07-16
5780772781,2026-07-16,5780772781_2026-07-16
5780772558,2026-07-16,5780772558_2026-07-16
5780772205,2026-07-16,5780772205_2026-07-16
5780769882,2026-07-16,5780769882_2026-07-16
5780769836,2026-07-16,5780769836_2026-07-16
5780766957,2026-07-16,5780766957_2026-07-16
5780762559,2026-07-16,5780762559_2026-07-16
5780762339,2026-07-16,5780762339_2026-07-16
5780762292,2026-07-16,5780762292_2026-07-16
5780762121,2026-07-16,5780762121_2026-07-16
5780761573,2026-07-16,5780761573_2026-07-16
5780761492,2026-07-16,5780761492_2026-07-16
5780760698,2026-07-16,5780760698_2026-07-16
5780757990,2026-07-16,5780757990_2026-07-16
5780753927,2026-07-16,5780753927_2026-07-16
5780748445,2026-07-16,5780748445_2026-07-16
5780747936,2026-07-16,5780747936_2026-07-16
5780747745,2026-07-16,5780747745_2026-07-16
5780736797,2026-07-16,5780736797_2026-07-16
5780736733,2026-07-16,5780736733_2026-07-16
5780734663,2026-07-16,5780734663_2026-07-16
5780734489,2026-07-16,5780734489_2026-07-16
5780734303,2026-07-16,5780734303_2026-07-16
5780734297,2026-07-16,5780734297_2026-07-16
5780733067,2026-07-16,5780733067_2026-07-16
5780732921,2026-07-16,5780732921_2026-07-16
5780728325,2026-07-16,5780728325_2026-07-16
5780727960,2026-07-16,5780727960_2026-07-16
5780727284,2026-07-16,5780727284_2026-07-16
5780694661,2026-07-16,5780694661_2026-07-16
5780684251,2026-07-16,5780684251_2026-07-16
5780684014,2026-07-16,5780684014_2026-07-16
5780683745,2026-07-16,5780683745_2026-07-16
5780683690,2026-07-16,5780683690_2026-07-16
5780683665,2026-07-16,5780683665_2026-07-16
5780676141,2026-07-16,5780676141_2026-07-16
5780666027,2026-07-16,5780666027_2026-07-16
5780665607,2026-07-16,5780665607_2026-07-16
5780664473,2026-07-16,5780664473_2026-07-16
5780607316,2026-07-16,5780607316_2026-07-16
5780603430,2026-07-16,5780603430_2026-07-16
5780145717,2026-07-16,5780145717_2026-07-16
5779792830,2026-07-16,5779792830_2026-07-16
5779305784,2026-07-16,5779305784_2026-07-16
5778342063,2026-07-16,5778342063_2026-07-16
5777894503,2026-07-16,5777894503_2026-07-16
5776993857,2026-07-16,5776993857_2026-07-16
5776964765,2026-07-16,5776964765_2026-07-16
5776927803,2026-07-16,5776927803_2026-07-16
5775155479,2026-07-16,5775155479_2026-07-16
5770618513,2026-07-16,5770618513_2026-07-16
5768387462,2026-07-16,5768387462_2026-07-16
5768387449,2026-07-16,5768387449_2026-07-16
5767582827,2026-07-16,5767582827_2026-07-16
5766918054,2026-07-16,5766918054_2026-07-16
5766427836,2026-07-16,5766427836_2026-07-16
5766405912,2026-07-16,5766405912_2026-07-16
5764599590,2026-07-16,5764599590_2026-07-16
5758291983,2026-07-16,5758291983_2026-07-16
5756912166,2026-07-16,5756912166_2026-07-16
5753431021,2026-07-16,5753431021_2026-07-16
5753425721,2026-07-16,5753425721_2026-07-16
5753423662,2026-07-16,5753423662_2026-07-16
5753276487,2026-07-16,5753276487_2026-07-16
5752873741,2026-07-16,5752873741_2026-07-16
5751318463,2026-07-16,5751318463_2026-07-16
5750071716,2026-07-16,5750071716_2026-07-16
5745218975,2026-07-16,5745218975_2026-07-16
5744678834,2026-07-16,5744678834_2026-07-16
5744267844,2026-07-16,5744267844_2026-07-16
5742952443,2026-07-16,5742952443_2026-07-16
5706545739,2026-07-16,5706545739_2026-07-16
5704174529,2026-07-16,5704174529_2026-07-16
5661700267,2026-07-16,5661700267_2026-07-16
5655195272,2026-07-16,5655195272_2026-07-16
5549197295,2026-07-16,5549197295_2026-07-16
5800180701,2026-07-16,5800180701_2026-07-16
5790073261,2026-07-16,5790073261_2026-07-16
5760414295,2026-07-16,5760414295_2026-07-16
5760380207,2026-07-16,5760380207_2026-07-16
5487693705,2026-07-16,5487693705_2026-07-16
5472371029,2026-07-16,5472371029_2026-07-16
5398528750,2026-07-16,5398528750_2026-07-16
4791447253,2026-07-16,4791447253_2026-07-16
5771082543,2026-07-17,5771082543_2026-07-17
5743633024,2026-07-17,5743633024_2026-07-17
5710686417,2026-07-17,5710686417_2026-07-17
5697414865,2026-07-17,5697414865_2026-07-17
5697060529,2026-07-17,5697060529_2026-07-17
5804050412,2026-07-17,5804050412_2026-07-17
5804020615,2026-07-17,5804020615_2026-07-17
5802510379,2026-07-17,5802510379_2026-07-17
5801605315,2026-07-17,5801605315_2026-07-17
5801605392,2026-07-17,5801605392_2026-07-17
5800081827,2026-07-17,5800081827_2026-07-17
5800054332,2026-07-17,5800054332_2026-07-17
5799678696,2026-07-17,5799678696_2026-07-17
5799550062,2026-07-17,5799550062_2026-07-17
5799550058,2026-07-17,5799550058_2026-07-17
5799267007,2026-07-17,5799267007_2026-07-17
5796594231,2026-07-17,5796594231_2026-07-17
5796594236,2026-07-17,5796594236_2026-07-17
5796592937,2026-07-17,5796592937_2026-07-17
5796592947,2026-07-17,5796592947_2026-07-17
5796592934,2026-07-17,5796592934_2026-07-17
5796592933,2026-07-17,5796592933_2026-07-17
5796588595,2026-07-17,5796588595_2026-07-17
5796586463,2026-07-17,5796586463_2026-07-17
5795993931,2026-07-17,5795993931_2026-07-17
5795993941,2026-07-17,5795993941_2026-07-17
5795993955,2026-07-17,5795993955_2026-07-17
5795993952,2026-07-17,5795993952_2026-07-17
5795993915,2026-07-17,5795993915_2026-07-17
5795993970,2026-07-17,5795993970_2026-07-17
5795993973,2026-07-17,5795993973_2026-07-17
5795866489,2026-07-17,5795866489_2026-07-17
5795866479,2026-07-17,5795866479_2026-07-17
5795862941,2026-07-17,5795862941_2026-07-17
5795857115,2026-07-17,5795857115_2026-07-17
5795857109,2026-07-17,5795857109_2026-07-17
5795857112,2026-07-17,5795857112_2026-07-17
5795857111,2026-07-17,5795857111_2026-07-17
5794999997,2026-07-17,5794999997_2026-07-17
5794994204,2026-07-17,5794994204_2026-07-17
5794509199,2026-07-17,5794509199_2026-07-17
5794509175,2026-07-17,5794509175_2026-07-17
5793752746,2026-07-17,5793752746_2026-07-17
5793110760,2026-07-17,5793110760_2026-07-17
5793110702,2026-07-17,5793110702_2026-07-17
5792942508,2026-07-17,5792942508_2026-07-17
5792910984,2026-07-17,5792910984_2026-07-17
5792910988,2026-07-17,5792910988_2026-07-17
5792039322,2026-07-17,5792039322_2026-07-17
5792033156,2026-07-17,5792033156_2026-07-17
5791546201,2026-07-17,5791546201_2026-07-17
5789983750,2026-07-17,5789983750_2026-07-17
5789983727,2026-07-17,5789983727_2026-07-17
5789304068,2026-07-17,5789304068_2026-07-17
5788068645,2026-07-17,5788068645_2026-07-17
5784667794,2026-07-17,5784667794_2026-07-17
5784579914,2026-07-17,5784579914_2026-07-17
5780843790,2026-07-17,5780843790_2026-07-17
5780839632,2026-07-17,5780839632_2026-07-17
5780837143,2026-07-17,5780837143_2026-07-17
5780811426,2026-07-17,5780811426_2026-07-17
5780808562,2026-07-17,5780808562_2026-07-17
5780776381,2026-07-17,5780776381_2026-07-17
5780775563,2026-07-17,5780775563_2026-07-17
5780775252,2026-07-17,5780775252_2026-07-17
5780773938,2026-07-17,5780773938_2026-07-17
5780773750,2026-07-17,5780773750_2026-07-17
5780772781,2026-07-17,5780772781_2026-07-17
5780772558,2026-07-17,5780772558_2026-07-17
5780772205,2026-07-17,5780772205_2026-07-17
5780769882,2026-07-17,5780769882_2026-07-17
5780769836,2026-07-17,5780769836_2026-07-17
5780766957,2026-07-17,5780766957_2026-07-17
5780762559,2026-07-17,5780762559_2026-07-17
5780762339,2026-07-17,5780762339_2026-07-17
5780762292,2026-07-17,5780762292_2026-07-17
5780762121,2026-07-17,5780762121_2026-07-17
5780761573,2026-07-17,5780761573_2026-07-17
5780761492,2026-07-17,5780761492_2026-07-17
5780760698,2026-07-17,5780760698_2026-07-17
5780757990,2026-07-17,5780757990_2026-07-17
5780753927,2026-07-17,5780753927_2026-07-17
5780748445,2026-07-17,5780748445_2026-07-17
5780747936,2026-07-17,5780747936_2026-07-17
5780747745,2026-07-17,5780747745_2026-07-17
5780736797,2026-07-17,5780736797_2026-07-17
5780736733,2026-07-17,5780736733_2026-07-17
5780734663,2026-07-17,5780734663_2026-07-17
5780734489,2026-07-17,5780734489_2026-07-17
5780734303,2026-07-17,5780734303_2026-07-17
5780734297,2026-07-17,5780734297_2026-07-17
5780733067,2026-07-17,5780733067_2026-07-17
5780732921,2026-07-17,5780732921_2026-07-17
5780728325,2026-07-17,5780728325_2026-07-17
5780727960,2026-07-17,5780727960_2026-07-17
5780727284,2026-07-17,5780727284_2026-07-17
5780694661,2026-07-17,5780694661_2026-07-17
5780684251,2026-07-17,5780684251_2026-07-17
5780684014,2026-07-17,5780684014_2026-07-17
5780683745,2026-07-17,5780683745_2026-07-17
5780683690,2026-07-17,5780683690_2026-07-17
5780683665,2026-07-17,5780683665_2026-07-17
5780676141,2026-07-17,5780676141_2026-07-17
5780666027,2026-07-17,5780666027_2026-07-17
5780665607,2026-07-17,5780665607_2026-07-17
5780664473,2026-07-17,5780664473_2026-07-17
5780607316,2026-07-17,5780607316_2026-07-17
5780603430,2026-07-17,5780603430_2026-07-17
5779305784,2026-07-17,5779305784_2026-07-17
5778342063,2026-07-17,5778342063_2026-07-17
5777894503,2026-07-17,5777894503_2026-07-17
5776993857,2026-07-17,5776993857_2026-07-17
5776964765,2026-07-17,5776964765_2026-07-17
5776927803,2026-07-17,5776927803_2026-07-17
5775155479,2026-07-17,5775155479_2026-07-17
5770618513,2026-07-17,5770618513_2026-07-17
5768387462,2026-07-17,5768387462_2026-07-17
5768387449,2026-07-17,5768387449_2026-07-17
5767582827,2026-07-17,5767582827_2026-07-17
5766918054,2026-07-17,5766918054_2026-07-17
5766427836,2026-07-17,5766427836_2026-07-17
5766405912,2026-07-17,5766405912_2026-07-17
5764599590,2026-07-17,5764599590_2026-07-17
5758291983,2026-07-17,5758291983_2026-07-17
5756912166,2026-07-17,5756912166_2026-07-17
5753431021,2026-07-17,5753431021_2026-07-17
5753425721,2026-07-17,5753425721_2026-07-17
5753423662,2026-07-17,5753423662_2026-07-17
5753276487,2026-07-17,5753276487_2026-07-17
5752873741,2026-07-17,5752873741_2026-07-17
5751318463,2026-07-17,5751318463_2026-07-17
5750071716,2026-07-17,5750071716_2026-07-17
5745218975,2026-07-17,5745218975_2026-07-17
5744678834,2026-07-17,5744678834_2026-07-17
5744267844,2026-07-17,5744267844_2026-07-17
5742952443,2026-07-17,5742952443_2026-07-17
5706545739,2026-07-17,5706545739_2026-07-17
5704174529,2026-07-17,5704174529_2026-07-17
5661700267,2026-07-17,5661700267_2026-07-17
5655195272,2026-07-17,5655195272_2026-07-17
5549197295,2026-07-17,5549197295_2026-07-17
5800180701,2026-07-17,5800180701_2026-07-17
5790073261,2026-07-17,5790073261_2026-07-17
5760414295,2026-07-17,5760414295_2026-07-17
5760380207,2026-07-17,5760380207_2026-07-17
5487693705,2026-07-17,5487693705_2026-07-17
5472371029,2026-07-17,5472371029_2026-07-17
5398528750,2026-07-17,5398528750_2026-07-17
4791447253,2026-07-17,4791447253_2026-07-17
5771082543,2026-07-18,5771082543_2026-07-18
5743633024,2026-07-18,5743633024_2026-07-18
5710686417,2026-07-18,5710686417_2026-07-18
5697414865,2026-07-18,5697414865_2026-07-18
5697060529,2026-07-18,5697060529_2026-07-18
5805522188,2026-07-18,5805522188_2026-07-18
5805176322,2026-07-18,5805176322_2026-07-18
5805055028,2026-07-18,5805055028_2026-07-18
5801605315,2026-07-18,5801605315_2026-07-18
5801605392,2026-07-18,5801605392_2026-07-18
5800081827,2026-07-18,5800081827_2026-07-18
5800054332,2026-07-18,5800054332_2026-07-18
5799678696,2026-07-18,5799678696_2026-07-18
5799550058,2026-07-18,5799550058_2026-07-18
5799550062,2026-07-18,5799550062_2026-07-18
5796594231,2026-07-18,5796594231_2026-07-18
5796594236,2026-07-18,5796594236_2026-07-18
5796592937,2026-07-18,5796592937_2026-07-18
5796592947,2026-07-18,5796592947_2026-07-18
5796592933,2026-07-18,5796592933_2026-07-18
5796592934,2026-07-18,5796592934_2026-07-18
5796588595,2026-07-18,5796588595_2026-07-18
5796586463,2026-07-18,5796586463_2026-07-18
5795993931,2026-07-18,5795993931_2026-07-18
5795993941,2026-07-18,5795993941_2026-07-18
5795993955,2026-07-18,5795993955_2026-07-18
5795993952,2026-07-18,5795993952_2026-07-18
5795993915,2026-07-18,5795993915_2026-07-18
5795993970,2026-07-18,5795993970_2026-07-18
5795993973,2026-07-18,5795993973_2026-07-18
5795866489,2026-07-18,5795866489_2026-07-18
5795866479,2026-07-18,5795866479_2026-07-18
5795862941,2026-07-18,5795862941_2026-07-18
5795857115,2026-07-18,5795857115_2026-07-18
5795857109,2026-07-18,5795857109_2026-07-18
5795857112,2026-07-18,5795857112_2026-07-18
5795857111,2026-07-18,5795857111_2026-07-18
5794999997,2026-07-18,5794999997_2026-07-18
5794994204,2026-07-18,5794994204_2026-07-18
5794509199,2026-07-18,5794509199_2026-07-18
5794509175,2026-07-18,5794509175_2026-07-18
5793752746,2026-07-18,5793752746_2026-07-18
5793110760,2026-07-18,5793110760_2026-07-18
5793110702,2026-07-18,5793110702_2026-07-18
5792942508,2026-07-18,5792942508_2026-07-18
5792910984,2026-07-18,5792910984_2026-07-18
5792910988,2026-07-18,5792910988_2026-07-18
5792039322,2026-07-18,5792039322_2026-07-18
5792033156,2026-07-18,5792033156_2026-07-18
5791546201,2026-07-18,5791546201_2026-07-18
5789983750,2026-07-18,5789983750_2026-07-18
5789983727,2026-07-18,5789983727_2026-07-18
5789304068,2026-07-18,5789304068_2026-07-18
5788068645,2026-07-18,5788068645_2026-07-18
5784667794,2026-07-18,5784667794_2026-07-18
5780843790,2026-07-18,5780843790_2026-07-18
5780839632,2026-07-18,5780839632_2026-07-18
5780837143,2026-07-18,5780837143_2026-07-18
5780811426,2026-07-18,5780811426_2026-07-18
5780808562,2026-07-18,5780808562_2026-07-18
5780776381,2026-07-18,5780776381_2026-07-18
5780775563,2026-07-18,5780775563_2026-07-18
5780775252,2026-07-18,5780775252_2026-07-18
5780773938,2026-07-18,5780773938_2026-07-18
5780773750,2026-07-18,5780773750_2026-07-18
5780772781,2026-07-18,5780772781_2026-07-18
5780772558,2026-07-18,5780772558_2026-07-18
5780772205,2026-07-18,5780772205_2026-07-18
5780769882,2026-07-18,5780769882_2026-07-18
5780769836,2026-07-18,5780769836_2026-07-18
5780766957,2026-07-18,5780766957_2026-07-18
5780762559,2026-07-18,5780762559_2026-07-18
5780762339,2026-07-18,5780762339_2026-07-18
5780762292,2026-07-18,5780762292_2026-07-18
5780762121,2026-07-18,5780762121_2026-07-18
5780761573,2026-07-18,5780761573_2026-07-18
5780761492,2026-07-18,5780761492_2026-07-18
5780760698,2026-07-18,5780760698_2026-07-18
5780757990,2026-07-18,5780757990_2026-07-18
5780753927,2026-07-18,5780753927_2026-07-18
5780748445,2026-07-18,5780748445_2026-07-18
5780747936,2026-07-18,5780747936_2026-07-18
5780747745,2026-07-18,5780747745_2026-07-18
5780736797,2026-07-18,5780736797_2026-07-18
5780736733,2026-07-18,5780736733_2026-07-18
5780734663,2026-07-18,5780734663_2026-07-18
5780734489,2026-07-18,5780734489_2026-07-18
5780734303,2026-07-18,5780734303_2026-07-18
5780734297,2026-07-18,5780734297_2026-07-18
5780733067,2026-07-18,5780733067_2026-07-18
5780732921,2026-07-18,5780732921_2026-07-18
5780728325,2026-07-18,5780728325_2026-07-18
5780727960,2026-07-18,5780727960_2026-07-18
5780727284,2026-07-18,5780727284_2026-07-18
5780694661,2026-07-18,5780694661_2026-07-18
5780684251,2026-07-18,5780684251_2026-07-18
5780684014,2026-07-18,5780684014_2026-07-18
5780683745,2026-07-18,5780683745_2026-07-18
5780683690,2026-07-18,5780683690_2026-07-18
5780683665,2026-07-18,5780683665_2026-07-18
5780676141,2026-07-18,5780676141_2026-07-18
5780666027,2026-07-18,5780666027_2026-07-18
5780665607,2026-07-18,5780665607_2026-07-18
5780664473,2026-07-18,5780664473_2026-07-18
5780607316,2026-07-18,5780607316_2026-07-18
5780603430,2026-07-18,5780603430_2026-07-18
5779542549,2026-07-18,5779542549_2026-07-18
5779305784,2026-07-18,5779305784_2026-07-18
5778342063,2026-07-18,5778342063_2026-07-18
5777894503,2026-07-18,5777894503_2026-07-18
5776993857,2026-07-18,5776993857_2026-07-18
5776964765,2026-07-18,5776964765_2026-07-18
5776927803,2026-07-18,5776927803_2026-07-18
5775155479,2026-07-18,5775155479_2026-07-18
5770618513,2026-07-18,5770618513_2026-07-18
5768387462,2026-07-18,5768387462_2026-07-18
5768387449,2026-07-18,5768387449_2026-07-18
5767582827,2026-07-18,5767582827_2026-07-18
5766918054,2026-07-18,5766918054_2026-07-18
5766427836,2026-07-18,5766427836_2026-07-18
5766405912,2026-07-18,5766405912_2026-07-18
5764599590,2026-07-18,5764599590_2026-07-18
5758291983,2026-07-18,5758291983_2026-07-18
5756912166,2026-07-18,5756912166_2026-07-18
5753431021,2026-07-18,5753431021_2026-07-18
5753425721,2026-07-18,5753425721_2026-07-18
5753423662,2026-07-18,5753423662_2026-07-18
5753276487,2026-07-18,5753276487_2026-07-18
5752873741,2026-07-18,5752873741_2026-07-18
5751318463,2026-07-18,5751318463_2026-07-18
5750071716,2026-07-18,5750071716_2026-07-18
5745218975,2026-07-18,5745218975_2026-07-18
5744678834,2026-07-18,5744678834_2026-07-18
5744267844,2026-07-18,5744267844_2026-07-18
5742952443,2026-07-18,5742952443_2026-07-18
5706545739,2026-07-18,5706545739_2026-07-18
5704174529,2026-07-18,5704174529_2026-07-18
5661700267,2026-07-18,5661700267_2026-07-18
5655195272,2026-07-18,5655195272_2026-07-18
5549197295,2026-07-18,5549197295_2026-07-18
5800180701,2026-07-18,5800180701_2026-07-18
5790073261,2026-07-18,5790073261_2026-07-18
5760414295,2026-07-18,5760414295_2026-07-18
5760380207,2026-07-18,5760380207_2026-07-18
5487693705,2026-07-18,5487693705_2026-07-18
5472371029,2026-07-18,5472371029_2026-07-18
5398528750,2026-07-18,5398528750_2026-07-18
4791447253,2026-07-18,4791447253_2026-07-18
5771082543,2026-07-19,5771082543_2026-07-19
5743633024,2026-07-19,5743633024_2026-07-19
5710686417,2026-07-19,5710686417_2026-07-19
5697414865,2026-07-19,5697414865_2026-07-19
5697060529,2026-07-19,5697060529_2026-07-19
5806313287,2026-07-19,5806313287_2026-07-19
5806281020,2026-07-19,5806281020_2026-07-19
5805522188,2026-07-19,5805522188_2026-07-19
5805055028,2026-07-19,5805055028_2026-07-19
5801605315,2026-07-19,5801605315_2026-07-19
5801605392,2026-07-19,5801605392_2026-07-19
5800081827,2026-07-19,5800081827_2026-07-19
5800054332,2026-07-19,5800054332_2026-07-19
5799678696,2026-07-19,5799678696_2026-07-19
5799550058,2026-07-19,5799550058_2026-07-19
5799550062,2026-07-19,5799550062_2026-07-19
5796594231,2026-07-19,5796594231_2026-07-19
5796594236,2026-07-19,5796594236_2026-07-19
5796592937,2026-07-19,5796592937_2026-07-19
5796592947,2026-07-19,5796592947_2026-07-19
5796592933,2026-07-19,5796592933_2026-07-19
5796592934,2026-07-19,5796592934_2026-07-19
5796588595,2026-07-19,5796588595_2026-07-19
5796586463,2026-07-19,5796586463_2026-07-19
5795993931,2026-07-19,5795993931_2026-07-19
5795993941,2026-07-19,5795993941_2026-07-19
5795993955,2026-07-19,5795993955_2026-07-19
5795993952,2026-07-19,5795993952_2026-07-19
5795993915,2026-07-19,5795993915_2026-07-19
5795993970,2026-07-19,5795993970_2026-07-19
5795993973,2026-07-19,5795993973_2026-07-19
5795866489,2026-07-19,5795866489_2026-07-19
5795866479,2026-07-19,5795866479_2026-07-19
5795862941,2026-07-19,5795862941_2026-07-19
5795857115,2026-07-19,5795857115_2026-07-19
5795857109,2026-07-19,5795857109_2026-07-19
5795857112,2026-07-19,5795857112_2026-07-19
5795857111,2026-07-19,5795857111_2026-07-19
5794999997,2026-07-19,5794999997_2026-07-19
5794994204,2026-07-19,5794994204_2026-07-19
5794509199,2026-07-19,5794509199_2026-07-19
5794509175,2026-07-19,5794509175_2026-07-19
5793752746,2026-07-19,5793752746_2026-07-19
5793110760,2026-07-19,5793110760_2026-07-19
5793110702,2026-07-19,5793110702_2026-07-19
5792942508,2026-07-19,5792942508_2026-07-19
5792910988,2026-07-19,5792910988_2026-07-19
5792910984,2026-07-19,5792910984_2026-07-19
5792039322,2026-07-19,5792039322_2026-07-19
5792033156,2026-07-19,5792033156_2026-07-19
5791546201,2026-07-19,5791546201_2026-07-19
5789983750,2026-07-19,5789983750_2026-07-19
5789304068,2026-07-19,5789304068_2026-07-19
5788068645,2026-07-19,5788068645_2026-07-19
5784667794,2026-07-19,5784667794_2026-07-19
5780843790,2026-07-19,5780843790_2026-07-19
5780839632,2026-07-19,5780839632_2026-07-19
5780837143,2026-07-19,5780837143_2026-07-19
5780811426,2026-07-19,5780811426_2026-07-19
5780808562,2026-07-19,5780808562_2026-07-19
5780776381,2026-07-19,5780776381_2026-07-19
5780775563,2026-07-19,5780775563_2026-07-19
5780775252,2026-07-19,5780775252_2026-07-19
5780773938,2026-07-19,5780773938_2026-07-19
5780773750,2026-07-19,5780773750_2026-07-19
5780772781,2026-07-19,5780772781_2026-07-19
5780772558,2026-07-19,5780772558_2026-07-19
5780772205,2026-07-19,5780772205_2026-07-19
5780769882,2026-07-19,5780769882_2026-07-19
5780769836,2026-07-19,5780769836_2026-07-19
5780766957,2026-07-19,5780766957_2026-07-19
5780762559,2026-07-19,5780762559_2026-07-19
5780762339,2026-07-19,5780762339_2026-07-19
5780762292,2026-07-19,5780762292_2026-07-19
5780762121,2026-07-19,5780762121_2026-07-19
5780761573,2026-07-19,5780761573_2026-07-19
5780761492,2026-07-19,5780761492_2026-07-19
5780760698,2026-07-19,5780760698_2026-07-19
5780757990,2026-07-19,5780757990_2026-07-19
5780753927,2026-07-19,5780753927_2026-07-19
5780748445,2026-07-19,5780748445_2026-07-19
5780747936,2026-07-19,5780747936_2026-07-19
5780747745,2026-07-19,5780747745_2026-07-19
5780736797,2026-07-19,5780736797_2026-07-19
5780736733,2026-07-19,5780736733_2026-07-19
5780734663,2026-07-19,5780734663_2026-07-19
5780734489,2026-07-19,5780734489_2026-07-19
5780734303,2026-07-19,5780734303_2026-07-19
5780734297,2026-07-19,5780734297_2026-07-19
5780733067,2026-07-19,5780733067_2026-07-19
5780732921,2026-07-19,5780732921_2026-07-19
5780728325,2026-07-19,5780728325_2026-07-19
5780727960,2026-07-19,5780727960_2026-07-19
5780727284,2026-07-19,5780727284_2026-07-19
5780694661,2026-07-19,5780694661_2026-07-19
5780684251,2026-07-19,5780684251_2026-07-19
5780684014,2026-07-19,5780684014_2026-07-19
5780683745,2026-07-19,5780683745_2026-07-19
5780683690,2026-07-19,5780683690_2026-07-19
5780683665,2026-07-19,5780683665_2026-07-19
5780676141,2026-07-19,5780676141_2026-07-19
5780666027,2026-07-19,5780666027_2026-07-19
5780665607,2026-07-19,5780665607_2026-07-19
5780664473,2026-07-19,5780664473_2026-07-19
5780607316,2026-07-19,5780607316_2026-07-19
5780603430,2026-07-19,5780603430_2026-07-19
5779305784,2026-07-19,5779305784_2026-07-19
5778342063,2026-07-19,5778342063_2026-07-19
5777894503,2026-07-19,5777894503_2026-07-19
5776993857,2026-07-19,5776993857_2026-07-19
5776964765,2026-07-19,5776964765_2026-07-19
5776927803,2026-07-19,5776927803_2026-07-19
5775155479,2026-07-19,5775155479_2026-07-19
5770618513,2026-07-19,5770618513_2026-07-19
5768387462,2026-07-19,5768387462_2026-07-19
5768387449,2026-07-19,5768387449_2026-07-19
5767582827,2026-07-19,5767582827_2026-07-19
5766918054,2026-07-19,5766918054_2026-07-19
5766427836,2026-07-19,5766427836_2026-07-19
5766405912,2026-07-19,5766405912_2026-07-19
5764599590,2026-07-19,5764599590_2026-07-19
5758291983,2026-07-19,5758291983_2026-07-19
5756912166,2026-07-19,5756912166_2026-07-19
5753431021,2026-07-19,5753431021_2026-07-19
5753425721,2026-07-19,5753425721_2026-07-19
5753423662,2026-07-19,5753423662_2026-07-19
5753276487,2026-07-19,5753276487_2026-07-19
5752873741,2026-07-19,5752873741_2026-07-19
5751318463,2026-07-19,5751318463_2026-07-19
5750071716,2026-07-19,5750071716_2026-07-19
5745218975,2026-07-19,5745218975_2026-07-19
5744678834,2026-07-19,5744678834_2026-07-19
5744267844,2026-07-19,5744267844_2026-07-19
5742952443,2026-07-19,5742952443_2026-07-19
5706545739,2026-07-19,5706545739_2026-07-19
5704174529,2026-07-19,5704174529_2026-07-19
5661700267,2026-07-19,5661700267_2026-07-19
5655195272,2026-07-19,5655195272_2026-07-19
5549197295,2026-07-19,5549197295_2026-07-19
5800180701,2026-07-19,5800180701_2026-07-19
5790073261,2026-07-19,5790073261_2026-07-19
5760414295,2026-07-19,5760414295_2026-07-19
5760380207,2026-07-19,5760380207_2026-07-19
5487693705,2026-07-19,5487693705_2026-07-19
5472371029,2026-07-19,5472371029_2026-07-19
5398528750,2026-07-19,5398528750_2026-07-19
4791447253,2026-07-19,4791447253_2026-07-19
5771082543,2026-07-20,5771082543_2026-07-20
5743633024,2026-07-20,5743633024_2026-07-20
5710686417,2026-07-20,5710686417_2026-07-20
5697414865,2026-07-20,5697414865_2026-07-20
5697060529,2026-07-20,5697060529_2026-07-20
5807269685,2026-07-20,5807269685_2026-07-20
5807139510,2026-07-20,5807139510_2026-07-20
5806313287,2026-07-20,5806313287_2026-07-20
5805522188,2026-07-20,5805522188_2026-07-20
5801605315,2026-07-20,5801605315_2026-07-20
5801605392,2026-07-20,5801605392_2026-07-20
5800081827,2026-07-20,5800081827_2026-07-20
5800054332,2026-07-20,5800054332_2026-07-20
5799678696,2026-07-20,5799678696_2026-07-20
5799550058,2026-07-20,5799550058_2026-07-20
5799550062,2026-07-20,5799550062_2026-07-20
5796594231,2026-07-20,5796594231_2026-07-20
5796594236,2026-07-20,5796594236_2026-07-20
5796592937,2026-07-20,5796592937_2026-07-20
5796592947,2026-07-20,5796592947_2026-07-20
5796592933,2026-07-20,5796592933_2026-07-20
5796592934,2026-07-20,5796592934_2026-07-20
5796588595,2026-07-20,5796588595_2026-07-20
5796586463,2026-07-20,5796586463_2026-07-20
5795993931,2026-07-20,5795993931_2026-07-20
5795993941,2026-07-20,5795993941_2026-07-20
5795993955,2026-07-20,5795993955_2026-07-20
5795993952,2026-07-20,5795993952_2026-07-20
5795993915,2026-07-20,5795993915_2026-07-20
5795993970,2026-07-20,5795993970_2026-07-20
5795993973,2026-07-20,5795993973_2026-07-20
5795866489,2026-07-20,5795866489_2026-07-20
5795866479,2026-07-20,5795866479_2026-07-20
5795862941,2026-07-20,5795862941_2026-07-20
5795857115,2026-07-20,5795857115_2026-07-20
5795857109,2026-07-20,5795857109_2026-07-20
5795857112,2026-07-20,5795857112_2026-07-20
5795857111,2026-07-20,5795857111_2026-07-20
5794999997,2026-07-20,5794999997_2026-07-20
5794994204,2026-07-20,5794994204_2026-07-20
5794509199,2026-07-20,5794509199_2026-07-20
5794509175,2026-07-20,5794509175_2026-07-20
5793752746,2026-07-20,5793752746_2026-07-20
5793110760,2026-07-20,5793110760_2026-07-20
5793110702,2026-07-20,5793110702_2026-07-20
5792942508,2026-07-20,5792942508_2026-07-20
5792910988,2026-07-20,5792910988_2026-07-20
5792910984,2026-07-20,5792910984_2026-07-20
5792039322,2026-07-20,5792039322_2026-07-20
5792033156,2026-07-20,5792033156_2026-07-20
5791546201,2026-07-20,5791546201_2026-07-20
5789983750,2026-07-20,5789983750_2026-07-20
5789304068,2026-07-20,5789304068_2026-07-20
5788068645,2026-07-20,5788068645_2026-07-20
5780843790,2026-07-20,5780843790_2026-07-20
5780839632,2026-07-20,5780839632_2026-07-20
5780837143,2026-07-20,5780837143_2026-07-20
5780811426,2026-07-20,5780811426_2026-07-20
5780808562,2026-07-20,5780808562_2026-07-20
5780776381,2026-07-20,5780776381_2026-07-20
5780775563,2026-07-20,5780775563_2026-07-20
5780775252,2026-07-20,5780775252_2026-07-20
5780773938,2026-07-20,5780773938_2026-07-20
5780773750,2026-07-20,5780773750_2026-07-20
5780772781,2026-07-20,5780772781_2026-07-20
5780772558,2026-07-20,5780772558_2026-07-20
5780772205,2026-07-20,5780772205_2026-07-20
5780769882,2026-07-20,5780769882_2026-07-20
5780769836,2026-07-20,5780769836_2026-07-20
5780766957,2026-07-20,5780766957_2026-07-20
5780762559,2026-07-20,5780762559_2026-07-20
5780762339,2026-07-20,5780762339_2026-07-20
5780762292,2026-07-20,5780762292_2026-07-20
5780762121,2026-07-20,5780762121_2026-07-20
5780761573,2026-07-20,5780761573_2026-07-20
5780761492,2026-07-20,5780761492_2026-07-20
5780760698,2026-07-20,5780760698_2026-07-20
5780757990,2026-07-20,5780757990_2026-07-20
5780753927,2026-07-20,5780753927_2026-07-20
5780748445,2026-07-20,5780748445_2026-07-20
5780747936,2026-07-20,5780747936_2026-07-20
5780747745,2026-07-20,5780747745_2026-07-20
5780736797,2026-07-20,5780736797_2026-07-20
5780736733,2026-07-20,5780736733_2026-07-20
5780734663,2026-07-20,5780734663_2026-07-20
5780734489,2026-07-20,5780734489_2026-07-20
5780734303,2026-07-20,5780734303_2026-07-20
5780734297,2026-07-20,5780734297_2026-07-20
5780733067,2026-07-20,5780733067_2026-07-20
5780732921,2026-07-20,5780732921_2026-07-20
5780728325,2026-07-20,5780728325_2026-07-20
5780727960,2026-07-20,5780727960_2026-07-20
5780727284,2026-07-20,5780727284_2026-07-20
5780694661,2026-07-20,5780694661_2026-07-20
5780684251,2026-07-20,5780684251_2026-07-20
5780684014,2026-07-20,5780684014_2026-07-20
5780683745,2026-07-20,5780683745_2026-07-20
5780683690,2026-07-20,5780683690_2026-07-20
5780683665,2026-07-20,5780683665_2026-07-20
5780676141,2026-07-20,5780676141_2026-07-20
5780666027,2026-07-20,5780666027_2026-07-20
5780665607,2026-07-20,5780665607_2026-07-20
5780664473,2026-07-20,5780664473_2026-07-20
5780607316,2026-07-20,5780607316_2026-07-20
5780603430,2026-07-20,5780603430_2026-07-20
5779305784,2026-07-20,5779305784_2026-07-20
5778342063,2026-07-20,5778342063_2026-07-20
5777894503,2026-07-20,5777894503_2026-07-20
5776993857,2026-07-20,5776993857_2026-07-20
5776964765,2026-07-20,5776964765_2026-07-20
5776927803,2026-07-20,5776927803_2026-07-20
5775155479,2026-07-20,5775155479_2026-07-20
5774903447,2026-07-20,5774903447_2026-07-20
5770618513,2026-07-20,5770618513_2026-07-20
5768387462,2026-07-20,5768387462_2026-07-20
5768387449,2026-07-20,5768387449_2026-07-20
5767582827,2026-07-20,5767582827_2026-07-20
5766918054,2026-07-20,5766918054_2026-07-20
5766427836,2026-07-20,5766427836_2026-07-20
5766405912,2026-07-20,5766405912_2026-07-20
5764599590,2026-07-20,5764599590_2026-07-20
5756912166,2026-07-20,5756912166_2026-07-20
5753431021,2026-07-20,5753431021_2026-07-20
5753425721,2026-07-20,5753425721_2026-07-20
5753423662,2026-07-20,5753423662_2026-07-20
5753276487,2026-07-20,5753276487_2026-07-20
5752873741,2026-07-20,5752873741_2026-07-20
5751318463,2026-07-20,5751318463_2026-07-20
5750071716,2026-07-20,5750071716_2026-07-20
5745218975,2026-07-20,5745218975_2026-07-20
5744678834,2026-07-20,5744678834_2026-07-20
5744267844,2026-07-20,5744267844_2026-07-20
5742952443,2026-07-20,5742952443_2026-07-20
5706545739,2026-07-20,5706545739_2026-07-20
5704174529,2026-07-20,5704174529_2026-07-20
5661700267,2026-07-20,5661700267_2026-07-20
5655195272,2026-07-20,5655195272_2026-07-20
5549197295,2026-07-20,5549197295_2026-07-20
5800180701,2026-07-20,5800180701_2026-07-20
5790073261,2026-07-20,5790073261_2026-07-20
5760414295,2026-07-20,5760414295_2026-07-20
5760380207,2026-07-20,5760380207_2026-07-20
5487693705,2026-07-20,5487693705_2026-07-20
5472371029,2026-07-20,5472371029_2026-07-20
5398528750,2026-07-20,5398528750_2026-07-20
4791447253,2026-07-20,4791447253_2026-07-20
5771082543,2026-07-21,5771082543_2026-07-21
5743633024,2026-07-21,5743633024_2026-07-21
5710686417,2026-07-21,5710686417_2026-07-21
5697414865,2026-07-21,5697414865_2026-07-21
5697060529,2026-07-21,5697060529_2026-07-21
5808020060,2026-07-21,5808020060_2026-07-21
5807139510,2026-07-21,5807139510_2026-07-21
5806313287,2026-07-21,5806313287_2026-07-21
5805522188,2026-07-21,5805522188_2026-07-21
5801605315,2026-07-21,5801605315_2026-07-21
5801605392,2026-07-21,5801605392_2026-07-21
5800081827,2026-07-21,5800081827_2026-07-21
5800054332,2026-07-21,5800054332_2026-07-21
5799678696,2026-07-21,5799678696_2026-07-21
5799550062,2026-07-21,5799550062_2026-07-21
5799550058,2026-07-21,5799550058_2026-07-21
5796594231,2026-07-21,5796594231_2026-07-21
5796594236,2026-07-21,5796594236_2026-07-21
5796592947,2026-07-21,5796592947_2026-07-21
5796592933,2026-07-21,5796592933_2026-07-21
5796592934,2026-07-21,5796592934_2026-07-21
5796592937,2026-07-21,5796592937_2026-07-21
5796588595,2026-07-21,5796588595_2026-07-21
5796586463,2026-07-21,5796586463_2026-07-21
5795993931,2026-07-21,5795993931_2026-07-21
5795993941,2026-07-21,5795993941_2026-07-21
5795993955,2026-07-21,5795993955_2026-07-21
5795993952,2026-07-21,5795993952_2026-07-21
5795993915,2026-07-21,5795993915_2026-07-21
5795993970,2026-07-21,5795993970_2026-07-21
5795993973,2026-07-21,5795993973_2026-07-21
5795866489,2026-07-21,5795866489_2026-07-21
5795866479,2026-07-21,5795866479_2026-07-21
5795862941,2026-07-21,5795862941_2026-07-21
5795857109,2026-07-21,5795857109_2026-07-21
5795857115,2026-07-21,5795857115_2026-07-21
5795857111,2026-07-21,5795857111_2026-07-21
5795857112,2026-07-21,5795857112_2026-07-21
5794999997,2026-07-21,5794999997_2026-07-21
5794994204,2026-07-21,5794994204_2026-07-21
5794509199,2026-07-21,5794509199_2026-07-21
5794509175,2026-07-21,5794509175_2026-07-21
5793752746,2026-07-21,5793752746_2026-07-21
5793110760,2026-07-21,5793110760_2026-07-21
5793110702,2026-07-21,5793110702_2026-07-21
5792942508,2026-07-21,5792942508_2026-07-21
5792910988,2026-07-21,5792910988_2026-07-21
5792910984,2026-07-21,5792910984_2026-07-21
5792039322,2026-07-21,5792039322_2026-07-21
5792033156,2026-07-21,5792033156_2026-07-21
5791546201,2026-07-21,5791546201_2026-07-21
5789983750,2026-07-21,5789983750_2026-07-21
5789304068,2026-07-21,5789304068_2026-07-21
5788068645,2026-07-21,5788068645_2026-07-21
5780843790,2026-07-21,5780843790_2026-07-21
5780839632,2026-07-21,5780839632_2026-07-21
5780837143,2026-07-21,5780837143_2026-07-21
5780811426,2026-07-21,5780811426_2026-07-21
5780808562,2026-07-21,5780808562_2026-07-21
5780776381,2026-07-21,5780776381_2026-07-21
5780775563,2026-07-21,5780775563_2026-07-21
5780775252,2026-07-21,5780775252_2026-07-21
5780773938,2026-07-21,5780773938_2026-07-21
5780773750,2026-07-21,5780773750_2026-07-21
5780772781,2026-07-21,5780772781_2026-07-21
5780772558,2026-07-21,5780772558_2026-07-21
5780772205,2026-07-21,5780772205_2026-07-21
5780769882,2026-07-21,5780769882_2026-07-21
5780769836,2026-07-21,5780769836_2026-07-21
5780766957,2026-07-21,5780766957_2026-07-21
5780762559,2026-07-21,5780762559_2026-07-21
5780762339,2026-07-21,5780762339_2026-07-21
5780762292,2026-07-21,5780762292_2026-07-21
5780762121,2026-07-21,5780762121_2026-07-21
5780761573,2026-07-21,5780761573_2026-07-21
5780761492,2026-07-21,5780761492_2026-07-21
5780760698,2026-07-21,5780760698_2026-07-21
5780757990,2026-07-21,5780757990_2026-07-21
5780753927,2026-07-21,5780753927_2026-07-21
5780748445,2026-07-21,5780748445_2026-07-21
5780747936,2026-07-21,5780747936_2026-07-21
5780747745,2026-07-21,5780747745_2026-07-21
5780736797,2026-07-21,5780736797_2026-07-21
5780736733,2026-07-21,5780736733_2026-07-21
5780734663,2026-07-21,5780734663_2026-07-21
5780734489,2026-07-21,5780734489_2026-07-21
5780734303,2026-07-21,5780734303_2026-07-21
5780734297,2026-07-21,5780734297_2026-07-21
5780733067,2026-07-21,5780733067_2026-07-21
5780732921,2026-07-21,5780732921_2026-07-21
5780728325,2026-07-21,5780728325_2026-07-21
5780727960,2026-07-21,5780727960_2026-07-21
5780727284,2026-07-21,5780727284_2026-07-21
5780694661,2026-07-21,5780694661_2026-07-21
5780684251,2026-07-21,5780684251_2026-07-21
5780684014,2026-07-21,5780684014_2026-07-21
5780683745,2026-07-21,5780683745_2026-07-21
5780683690,2026-07-21,5780683690_2026-07-21
5780683665,2026-07-21,5780683665_2026-07-21
5780676141,2026-07-21,5780676141_2026-07-21
5780666027,2026-07-21,5780666027_2026-07-21
5780665607,2026-07-21,5780665607_2026-07-21
5780664473,2026-07-21,5780664473_2026-07-21
5780607316,2026-07-21,5780607316_2026-07-21
5780603430,2026-07-21,5780603430_2026-07-21
5779305784,2026-07-21,5779305784_2026-07-21
5778342063,2026-07-21,5778342063_2026-07-21
5777894503,2026-07-21,5777894503_2026-07-21
5776993857,2026-07-21,5776993857_2026-07-21
5776964765,2026-07-21,5776964765_2026-07-21
5776927803,2026-07-21,5776927803_2026-07-21
5775155479,2026-07-21,5775155479_2026-07-21
5774903447,2026-07-21,5774903447_2026-07-21
5770618513,2026-07-21,5770618513_2026-07-21
5768387462,2026-07-21,5768387462_2026-07-21
5768387449,2026-07-21,5768387449_2026-07-21
5767582827,2026-07-21,5767582827_2026-07-21
5766918054,2026-07-21,5766918054_2026-07-21
5766427836,2026-07-21,5766427836_2026-07-21
5766405912,2026-07-21,5766405912_2026-07-21
5764599590,2026-07-21,5764599590_2026-07-21
5756912166,2026-07-21,5756912166_2026-07-21
5753431021,2026-07-21,5753431021_2026-07-21
5753425721,2026-07-21,5753425721_2026-07-21
5753423662,2026-07-21,5753423662_2026-07-21
5753276487,2026-07-21,5753276487_2026-07-21
5752873741,2026-07-21,5752873741_2026-07-21
5751318463,2026-07-21,5751318463_2026-07-21
5750071716,2026-07-21,5750071716_2026-07-21
5745218975,2026-07-21,5745218975_2026-07-21
5744678834,2026-07-21,5744678834_2026-07-21
5744267844,2026-07-21,5744267844_2026-07-21
5742952443,2026-07-21,5742952443_2026-07-21
5706545739,2026-07-21,5706545739_2026-07-21
5704174529,2026-07-21,5704174529_2026-07-21
5661700267,2026-07-21,5661700267_2026-07-21
5655195272,2026-07-21,5655195272_2026-07-21
5549197295,2026-07-21,5549197295_2026-07-21
5800180701,2026-07-21,5800180701_2026-07-21
5790073261,2026-07-21,5790073261_2026-07-21
5760414295,2026-07-21,5760414295_2026-07-21
5760380207,2026-07-21,5760380207_2026-07-21
5487693705,2026-07-21,5487693705_2026-07-21
5472371029,2026-07-21,5472371029_2026-07-21
5398528750,2026-07-21,5398528750_2026-07-21
4791447253,2026-07-21,4791447253_2026-07-21
5771082543,2026-07-22,5771082543_2026-07-22
5743633024,2026-07-22,5743633024_2026-07-22
5710686417,2026-07-22,5710686417_2026-07-22
5697414865,2026-07-22,5697414865_2026-07-22
5697060529,2026-07-22,5697060529_2026-07-22
5810176137,2026-07-22,5810176137_2026-07-22
5810172564,2026-07-22,5810172564_2026-07-22
5809748765,2026-07-22,5809748765_2026-07-22
5809431267,2026-07-22,5809431267_2026-07-22
5808925515,2026-07-22,5808925515_2026-07-22
5808879590,2026-07-22,5808879590_2026-07-22
5808020060,2026-07-22,5808020060_2026-07-22
5807269685,2026-07-22,5807269685_2026-07-22
5807139510,2026-07-22,5807139510_2026-07-22
5805522188,2026-07-22,5805522188_2026-07-22
5801605315,2026-07-22,5801605315_2026-07-22
5801605392,2026-07-22,5801605392_2026-07-22
5800081827,2026-07-22,5800081827_2026-07-22
5800054332,2026-07-22,5800054332_2026-07-22
5799678696,2026-07-22,5799678696_2026-07-22
5799550062,2026-07-22,5799550062_2026-07-22
5799550058,2026-07-22,5799550058_2026-07-22
5796594231,2026-07-22,5796594231_2026-07-22
5796594236,2026-07-22,5796594236_2026-07-22
5796592937,2026-07-22,5796592937_2026-07-22
5796592933,2026-07-22,5796592933_2026-07-22
5796592947,2026-07-22,5796592947_2026-07-22
5796592934,2026-07-22,5796592934_2026-07-22
5796588595,2026-07-22,5796588595_2026-07-22
5795993931,2026-07-22,5795993931_2026-07-22
5795993941,2026-07-22,5795993941_2026-07-22
5795993955,2026-07-22,5795993955_2026-07-22
5795993952,2026-07-22,5795993952_2026-07-22
5795993915,2026-07-22,5795993915_2026-07-22
5795993970,2026-07-22,5795993970_2026-07-22
5795993973,2026-07-22,5795993973_2026-07-22
5795866489,2026-07-22,5795866489_2026-07-22
5795866479,2026-07-22,5795866479_2026-07-22
5795862941,2026-07-22,5795862941_2026-07-22
5795857109,2026-07-22,5795857109_2026-07-22
5795857115,2026-07-22,5795857115_2026-07-22
5795857111,2026-07-22,5795857111_2026-07-22
5795857112,2026-07-22,5795857112_2026-07-22
5794999997,2026-07-22,5794999997_2026-07-22
5794994204,2026-07-22,5794994204_2026-07-22
5794509199,2026-07-22,5794509199_2026-07-22
5794509175,2026-07-22,5794509175_2026-07-22
5793752746,2026-07-22,5793752746_2026-07-22
5793110760,2026-07-22,5793110760_2026-07-22
5793110702,2026-07-22,5793110702_2026-07-22
5792942508,2026-07-22,5792942508_2026-07-22
5792910988,2026-07-22,5792910988_2026-07-22
5792910984,2026-07-22,5792910984_2026-07-22
5792039322,2026-07-22,5792039322_2026-07-22
5792033156,2026-07-22,5792033156_2026-07-22
5791546201,2026-07-22,5791546201_2026-07-22
5789983750,2026-07-22,5789983750_2026-07-22
5789304068,2026-07-22,5789304068_2026-07-22
5788068645,2026-07-22,5788068645_2026-07-22
5781063070,2026-07-22,5781063070_2026-07-22
5780843790,2026-07-22,5780843790_2026-07-22
5780839632,2026-07-22,5780839632_2026-07-22
5780837143,2026-07-22,5780837143_2026-07-22
5780811426,2026-07-22,5780811426_2026-07-22
5780808562,2026-07-22,5780808562_2026-07-22
5780776381,2026-07-22,5780776381_2026-07-22
5780775563,2026-07-22,5780775563_2026-07-22
5780775252,2026-07-22,5780775252_2026-07-22
5780773938,2026-07-22,5780773938_2026-07-22
5780773750,2026-07-22,5780773750_2026-07-22
5780772781,2026-07-22,5780772781_2026-07-22
5780772558,2026-07-22,5780772558_2026-07-22
5780772205,2026-07-22,5780772205_2026-07-22
5780769882,2026-07-22,5780769882_2026-07-22
5780769836,2026-07-22,5780769836_2026-07-22
5780766957,2026-07-22,5780766957_2026-07-22
5780762559,2026-07-22,5780762559_2026-07-22
5780762339,2026-07-22,5780762339_2026-07-22
5780762292,2026-07-22,5780762292_2026-07-22
5780762121,2026-07-22,5780762121_2026-07-22
5780761573,2026-07-22,5780761573_2026-07-22
5780761492,2026-07-22,5780761492_2026-07-22
5780760698,2026-07-22,5780760698_2026-07-22
5780757990,2026-07-22,5780757990_2026-07-22
5780753927,2026-07-22,5780753927_2026-07-22
5780748445,2026-07-22,5780748445_2026-07-22
5780747936,2026-07-22,5780747936_2026-07-22
5780747745,2026-07-22,5780747745_2026-07-22
5780736797,2026-07-22,5780736797_2026-07-22
5780736733,2026-07-22,5780736733_2026-07-22
5780734663,2026-07-22,5780734663_2026-07-22
5780734489,2026-07-22,5780734489_2026-07-22
5780734303,2026-07-22,5780734303_2026-07-22
5780734297,2026-07-22,5780734297_2026-07-22
5780733067,2026-07-22,5780733067_2026-07-22
5780732921,2026-07-22,5780732921_2026-07-22
5780728325,2026-07-22,5780728325_2026-07-22
5780727960,2026-07-22,5780727960_2026-07-22
5780727284,2026-07-22,5780727284_2026-07-22
5780694661,2026-07-22,5780694661_2026-07-22
5780684251,2026-07-22,5780684251_2026-07-22
5780684014,2026-07-22,5780684014_2026-07-22
5780683745,2026-07-22,5780683745_2026-07-22
5780683690,2026-07-22,5780683690_2026-07-22
5780683665,2026-07-22,5780683665_2026-07-22
5780676141,2026-07-22,5780676141_2026-07-22
5780666027,2026-07-22,5780666027_2026-07-22
5780665607,2026-07-22,5780665607_2026-07-22
5780664473,2026-07-22,5780664473_2026-07-22
5780607316,2026-07-22,5780607316_2026-07-22
5780603430,2026-07-22,5780603430_2026-07-22
5779792830,2026-07-22,5779792830_2026-07-22
5778342063,2026-07-22,5778342063_2026-07-22
5776993857,2026-07-22,5776993857_2026-07-22
5776964765,2026-07-22,5776964765_2026-07-22
5776927803,2026-07-22,5776927803_2026-07-22
5775155479,2026-07-22,5775155479_2026-07-22
5770618513,2026-07-22,5770618513_2026-07-22
5768387462,2026-07-22,5768387462_2026-07-22
5768387449,2026-07-22,5768387449_2026-07-22
5767582827,2026-07-22,5767582827_2026-07-22
5766918054,2026-07-22,5766918054_2026-07-22
5766427836,2026-07-22,5766427836_2026-07-22
5766405912,2026-07-22,5766405912_2026-07-22
5764599590,2026-07-22,5764599590_2026-07-22
5756912166,2026-07-22,5756912166_2026-07-22
5753431021,2026-07-22,5753431021_2026-07-22
5753425721,2026-07-22,5753425721_2026-07-22
5753423662,2026-07-22,5753423662_2026-07-22
5753276487,2026-07-22,5753276487_2026-07-22
5752873741,2026-07-22,5752873741_2026-07-22
5751318463,2026-07-22,5751318463_2026-07-22
5750071716,2026-07-22,5750071716_2026-07-22
5745218975,2026-07-22,5745218975_2026-07-22
5744678834,2026-07-22,5744678834_2026-07-22
5744267844,2026-07-22,5744267844_2026-07-22
5742952443,2026-07-22,5742952443_2026-07-22
5706545739,2026-07-22,5706545739_2026-07-22
5704174529,2026-07-22,5704174529_2026-07-22
5661700267,2026-07-22,5661700267_2026-07-22
5655195272,2026-07-22,5655195272_2026-07-22
5549197295,2026-07-22,5549197295_2026-07-22
5800180701,2026-07-22,5800180701_2026-07-22
5790073261,2026-07-22,5790073261_2026-07-22
5760414295,2026-07-22,5760414295_2026-07-22
5760380207,2026-07-22,5760380207_2026-07-22
5487693705,2026-07-22,5487693705_2026-07-22
5472371029,2026-07-22,5472371029_2026-07-22
5398528750,2026-07-22,5398528750_2026-07-22
4791447253,2026-07-22,4791447253_2026-07-22
5771082543,2026-07-23,5771082543_2026-07-23
5743633024,2026-07-23,5743633024_2026-07-23
5710686417,2026-07-23,5710686417_2026-07-23
5697414865,2026-07-23,5697414865_2026-07-23
5697060529,2026-07-23,5697060529_2026-07-23
5811224982,2026-07-23,5811224982_2026-07-23
5811080848,2026-07-23,5811080848_2026-07-23
5810929455,2026-07-23,5810929455_2026-07-23
5810925850,2026-07-23,5810925850_2026-07-23
5810432816,2026-07-23,5810432816_2026-07-23
5810418047,2026-07-23,5810418047_2026-07-23
5810385556,2026-07-23,5810385556_2026-07-23
5810172564,2026-07-23,5810172564_2026-07-23
5809748765,2026-07-23,5809748765_2026-07-23
5809431267,2026-07-23,5809431267_2026-07-23
5808879590,2026-07-23,5808879590_2026-07-23
5807139510,2026-07-23,5807139510_2026-07-23
5805522188,2026-07-23,5805522188_2026-07-23
5801605315,2026-07-23,5801605315_2026-07-23
5800081827,2026-07-23,5800081827_2026-07-23
5799678696,2026-07-23,5799678696_2026-07-23
5799550062,2026-07-23,5799550062_2026-07-23
5799288960,2026-07-23,5799288960_2026-07-23
5796594231,2026-07-23,5796594231_2026-07-23
5796594236,2026-07-23,5796594236_2026-07-23
5796592933,2026-07-23,5796592933_2026-07-23
5796592937,2026-07-23,5796592937_2026-07-23
5796592947,2026-07-23,5796592947_2026-07-23
5796592934,2026-07-23,5796592934_2026-07-23
5796588595,2026-07-23,5796588595_2026-07-23
5795993931,2026-07-23,5795993931_2026-07-23
5795993941,2026-07-23,5795993941_2026-07-23
5795993955,2026-07-23,5795993955_2026-07-23
5795993952,2026-07-23,5795993952_2026-07-23
5795993915,2026-07-23,5795993915_2026-07-23
5795993970,2026-07-23,5795993970_2026-07-23
5795993973,2026-07-23,5795993973_2026-07-23
5795866489,2026-07-23,5795866489_2026-07-23
5795866479,2026-07-23,5795866479_2026-07-23
5795862941,2026-07-23,5795862941_2026-07-23
5795857109,2026-07-23,5795857109_2026-07-23
5795857115,2026-07-23,5795857115_2026-07-23
5795857111,2026-07-23,5795857111_2026-07-23
5795857112,2026-07-23,5795857112_2026-07-23
5794999997,2026-07-23,5794999997_2026-07-23
5794994204,2026-07-23,5794994204_2026-07-23
5794509199,2026-07-23,5794509199_2026-07-23
5794509175,2026-07-23,5794509175_2026-07-23
5793752746,2026-07-23,5793752746_2026-07-23
5793110760,2026-07-23,5793110760_2026-07-23
5792910988,2026-07-23,5792910988_2026-07-23
5792910984,2026-07-23,5792910984_2026-07-23
5792033156,2026-07-23,5792033156_2026-07-23
5791546201,2026-07-23,5791546201_2026-07-23
5789983750,2026-07-23,5789983750_2026-07-23
5789304068,2026-07-23,5789304068_2026-07-23
5788068645,2026-07-23,5788068645_2026-07-23
5784667794,2026-07-23,5784667794_2026-07-23
5780843790,2026-07-23,5780843790_2026-07-23
5780839632,2026-07-23,5780839632_2026-07-23
5780837143,2026-07-23,5780837143_2026-07-23
5780811426,2026-07-23,5780811426_2026-07-23
5780808562,2026-07-23,5780808562_2026-07-23
5780776381,2026-07-23,5780776381_2026-07-23
5780775563,2026-07-23,5780775563_2026-07-23
5780775252,2026-07-23,5780775252_2026-07-23
5780773938,2026-07-23,5780773938_2026-07-23
5780773750,2026-07-23,5780773750_2026-07-23
5780772781,2026-07-23,5780772781_2026-07-23
5780772558,2026-07-23,5780772558_2026-07-23
5780772205,2026-07-23,5780772205_2026-07-23
5780769882,2026-07-23,5780769882_2026-07-23
5780769836,2026-07-23,5780769836_2026-07-23
5780766957,2026-07-23,5780766957_2026-07-23
5780762559,2026-07-23,5780762559_2026-07-23
5780762339,2026-07-23,5780762339_2026-07-23
5780762292,2026-07-23,5780762292_2026-07-23
5780762121,2026-07-23,5780762121_2026-07-23
5780761573,2026-07-23,5780761573_2026-07-23
5780761492,2026-07-23,5780761492_2026-07-23
5780760698,2026-07-23,5780760698_2026-07-23
5780757990,2026-07-23,5780757990_2026-07-23
5780753927,2026-07-23,5780753927_2026-07-23
5780748445,2026-07-23,5780748445_2026-07-23
5780747936,2026-07-23,5780747936_2026-07-23
5780747745,2026-07-23,5780747745_2026-07-23
5780736797,2026-07-23,5780736797_2026-07-23
5780736733,2026-07-23,5780736733_2026-07-23
5780734663,2026-07-23,5780734663_2026-07-23
5780734489,2026-07-23,5780734489_2026-07-23
5780734303,2026-07-23,5780734303_2026-07-23
5780734297,2026-07-23,5780734297_2026-07-23
5780733067,2026-07-23,5780733067_2026-07-23
5780732921,2026-07-23,5780732921_2026-07-23
5780728325,2026-07-23,5780728325_2026-07-23
5780727960,2026-07-23,5780727960_2026-07-23
5780727284,2026-07-23,5780727284_2026-07-23
5780694661,2026-07-23,5780694661_2026-07-23
5780684251,2026-07-23,5780684251_2026-07-23
5780684014,2026-07-23,5780684014_2026-07-23
5780683745,2026-07-23,5780683745_2026-07-23
5780683690,2026-07-23,5780683690_2026-07-23
5780683665,2026-07-23,5780683665_2026-07-23
5780676141,2026-07-23,5780676141_2026-07-23
5780666027,2026-07-23,5780666027_2026-07-23
5780665607,2026-07-23,5780665607_2026-07-23
5780664473,2026-07-23,5780664473_2026-07-23
5780607316,2026-07-23,5780607316_2026-07-23
5780603430,2026-07-23,5780603430_2026-07-23
5778342063,2026-07-23,5778342063_2026-07-23
5776993857,2026-07-23,5776993857_2026-07-23
5776964765,2026-07-23,5776964765_2026-07-23
5776927803,2026-07-23,5776927803_2026-07-23
5775155479,2026-07-23,5775155479_2026-07-23
5768387462,2026-07-23,5768387462_2026-07-23
5768387449,2026-07-23,5768387449_2026-07-23
5767582827,2026-07-23,5767582827_2026-07-23
5766918054,2026-07-23,5766918054_2026-07-23
5766427836,2026-07-23,5766427836_2026-07-23
5766405912,2026-07-23,5766405912_2026-07-23
5764599590,2026-07-23,5764599590_2026-07-23
5756912166,2026-07-23,5756912166_2026-07-23
5753425721,2026-07-23,5753425721_2026-07-23
5751318463,2026-07-23,5751318463_2026-07-23
5750071716,2026-07-23,5750071716_2026-07-23
5745218975,2026-07-23,5745218975_2026-07-23
5742952443,2026-07-23,5742952443_2026-07-23
5706545739,2026-07-23,5706545739_2026-07-23
5704174529,2026-07-23,5704174529_2026-07-23
5661700267,2026-07-23,5661700267_2026-07-23
5655195272,2026-07-23,5655195272_2026-07-23
5549197295,2026-07-23,5549197295_2026-07-23
5800180701,2026-07-23,5800180701_2026-07-23
5790073261,2026-07-23,5790073261_2026-07-23
5760414295,2026-07-23,5760414295_2026-07-23
5760380207,2026-07-23,5760380207_2026-07-23
5487693705,2026-07-23,5487693705_2026-07-23
5472371029,2026-07-23,5472371029_2026-07-23
5398528750,2026-07-23,5398528750_2026-07-23
4791447253,2026-07-23,4791447253_2026-07-23
5771082543,2026-07-24,5771082543_2026-07-24
5743633024,2026-07-24,5743633024_2026-07-24
5710686417,2026-07-24,5710686417_2026-07-24
5697414865,2026-07-24,5697414865_2026-07-24
5697060529,2026-07-24,5697060529_2026-07-24
5813107932,2026-07-24,5813107932_2026-07-24
5813052254,2026-07-24,5813052254_2026-07-24
5812707252,2026-07-24,5812707252_2026-07-24
5812542794,2026-07-24,5812542794_2026-07-24
5811224982,2026-07-24,5811224982_2026-07-24
5810929455,2026-07-24,5810929455_2026-07-24
5810925850,2026-07-24,5810925850_2026-07-24
5810432816,2026-07-24,5810432816_2026-07-24
5810418047,2026-07-24,5810418047_2026-07-24
5810385556,2026-07-24,5810385556_2026-07-24
5810172564,2026-07-24,5810172564_2026-07-24
5809748765,2026-07-24,5809748765_2026-07-24
5809431267,2026-07-24,5809431267_2026-07-24
5808879590,2026-07-24,5808879590_2026-07-24
5807139510,2026-07-24,5807139510_2026-07-24
5805522188,2026-07-24,5805522188_2026-07-24
5801605315,2026-07-24,5801605315_2026-07-24
5800081827,2026-07-24,5800081827_2026-07-24
5799678696,2026-07-24,5799678696_2026-07-24
5799550062,2026-07-24,5799550062_2026-07-24
5796594236,2026-07-24,5796594236_2026-07-24
5796594231,2026-07-24,5796594231_2026-07-24
5796592947,2026-07-24,5796592947_2026-07-24
5796592937,2026-07-24,5796592937_2026-07-24
5796592933,2026-07-24,5796592933_2026-07-24
5796592934,2026-07-24,5796592934_2026-07-24
5796588595,2026-07-24,5796588595_2026-07-24
5795993931,2026-07-24,5795993931_2026-07-24
5795993941,2026-07-24,5795993941_2026-07-24
5795993955,2026-07-24,5795993955_2026-07-24
5795993952,2026-07-24,5795993952_2026-07-24
5795993915,2026-07-24,5795993915_2026-07-24
5795993970,2026-07-24,5795993970_2026-07-24
5795993973,2026-07-24,5795993973_2026-07-24
5795866489,2026-07-24,5795866489_2026-07-24
5795866479,2026-07-24,5795866479_2026-07-24
5795862941,2026-07-24,5795862941_2026-07-24
5795857109,2026-07-24,5795857109_2026-07-24
5795857115,2026-07-24,5795857115_2026-07-24
5795857111,2026-07-24,5795857111_2026-07-24
5795857112,2026-07-24,5795857112_2026-07-24
5794999997,2026-07-24,5794999997_2026-07-24
5794994204,2026-07-24,5794994204_2026-07-24
5794509199,2026-07-24,5794509199_2026-07-24
5794509175,2026-07-24,5794509175_2026-07-24
5793752746,2026-07-24,5793752746_2026-07-24
5793110760,2026-07-24,5793110760_2026-07-24
5792910984,2026-07-24,5792910984_2026-07-24
5792910988,2026-07-24,5792910988_2026-07-24
5792033156,2026-07-24,5792033156_2026-07-24
5791546201,2026-07-24,5791546201_2026-07-24
5789983750,2026-07-24,5789983750_2026-07-24
5789304068,2026-07-24,5789304068_2026-07-24
5788068645,2026-07-24,5788068645_2026-07-24
5784667794,2026-07-24,5784667794_2026-07-24
5780843790,2026-07-24,5780843790_2026-07-24
5780839632,2026-07-24,5780839632_2026-07-24
5780837143,2026-07-24,5780837143_2026-07-24
5780811426,2026-07-24,5780811426_2026-07-24
5780808562,2026-07-24,5780808562_2026-07-24
5780776381,2026-07-24,5780776381_2026-07-24
5780775563,2026-07-24,5780775563_2026-07-24
5780775252,2026-07-24,5780775252_2026-07-24
5780773938,2026-07-24,5780773938_2026-07-24
5780773750,2026-07-24,5780773750_2026-07-24
5780772781,2026-07-24,5780772781_2026-07-24
5780772558,2026-07-24,5780772558_2026-07-24
5780772205,2026-07-24,5780772205_2026-07-24
5780769882,2026-07-24,5780769882_2026-07-24
5780769836,2026-07-24,5780769836_2026-07-24
5780766957,2026-07-24,5780766957_2026-07-24
5780762559,2026-07-24,5780762559_2026-07-24
5780762339,2026-07-24,5780762339_2026-07-24
5780762292,2026-07-24,5780762292_2026-07-24
5780762121,2026-07-24,5780762121_2026-07-24
5780761573,2026-07-24,5780761573_2026-07-24
5780761492,2026-07-24,5780761492_2026-07-24
5780760698,2026-07-24,5780760698_2026-07-24
5780757990,2026-07-24,5780757990_2026-07-24
5780753927,2026-07-24,5780753927_2026-07-24
5780748445,2026-07-24,5780748445_2026-07-24
5780747936,2026-07-24,5780747936_2026-07-24
5780747745,2026-07-24,5780747745_2026-07-24
5780736797,2026-07-24,5780736797_2026-07-24
5780736733,2026-07-24,5780736733_2026-07-24
5780734663,2026-07-24,5780734663_2026-07-24
5780734489,2026-07-24,5780734489_2026-07-24
5780734303,2026-07-24,5780734303_2026-07-24
5780734297,2026-07-24,5780734297_2026-07-24
5780733067,2026-07-24,5780733067_2026-07-24
5780732921,2026-07-24,5780732921_2026-07-24
5780728325,2026-07-24,5780728325_2026-07-24
5780727960,2026-07-24,5780727960_2026-07-24
5780727284,2026-07-24,5780727284_2026-07-24
5780694661,2026-07-24,5780694661_2026-07-24
5780684251,2026-07-24,5780684251_2026-07-24
5780684014,2026-07-24,5780684014_2026-07-24
5780683745,2026-07-24,5780683745_2026-07-24
5780683690,2026-07-24,5780683690_2026-07-24
5780683665,2026-07-24,5780683665_2026-07-24
5780676141,2026-07-24,5780676141_2026-07-24
5780666027,2026-07-24,5780666027_2026-07-24
5780665607,2026-07-24,5780665607_2026-07-24
5780664473,2026-07-24,5780664473_2026-07-24
5780607316,2026-07-24,5780607316_2026-07-24
5780603430,2026-07-24,5780603430_2026-07-24
5778342063,2026-07-24,5778342063_2026-07-24
5776993857,2026-07-24,5776993857_2026-07-24
5776964765,2026-07-24,5776964765_2026-07-24
5776927803,2026-07-24,5776927803_2026-07-24
5775155479,2026-07-24,5775155479_2026-07-24
5768387462,2026-07-24,5768387462_2026-07-24
5768387449,2026-07-24,5768387449_2026-07-24
5766918054,2026-07-24,5766918054_2026-07-24
5766427836,2026-07-24,5766427836_2026-07-24
5766405912,2026-07-24,5766405912_2026-07-24
5764599590,2026-07-24,5764599590_2026-07-24
5756912166,2026-07-24,5756912166_2026-07-24
5753425721,2026-07-24,5753425721_2026-07-24
5751318463,2026-07-24,5751318463_2026-07-24
5750071716,2026-07-24,5750071716_2026-07-24
5745218975,2026-07-24,5745218975_2026-07-24
5742952443,2026-07-24,5742952443_2026-07-24
5706545739,2026-07-24,5706545739_2026-07-24
5704174529,2026-07-24,5704174529_2026-07-24
5661700267,2026-07-24,5661700267_2026-07-24
5655195272,2026-07-24,5655195272_2026-07-24
5549197295,2026-07-24,5549197295_2026-07-24
5812350848,2026-07-24,5812350848_2026-07-24
5800180701,2026-07-24,5800180701_2026-07-24
5790073261,2026-07-24,5790073261_2026-07-24
5760414295,2026-07-24,5760414295_2026-07-24
5760380207,2026-07-24,5760380207_2026-07-24
5487693705,2026-07-24,5487693705_2026-07-24
5472371029,2026-07-24,5472371029_2026-07-24
5398528750,2026-07-24,5398528750_2026-07-24
4791447253,2026-07-24,4791447253_2026-07-24
5743633024,2026-07-25,5743633024_2026-07-25
5710686417,2026-07-25,5710686417_2026-07-25
5697414865,2026-07-25,5697414865_2026-07-25
5697060529,2026-07-25,5697060529_2026-07-25
5814151463,2026-07-25,5814151463_2026-07-25
5814090729,2026-07-25,5814090729_2026-07-25
5813876486,2026-07-25,5813876486_2026-07-25
5813466324,2026-07-25,5813466324_2026-07-25
5813364063,2026-07-25,5813364063_2026-07-25
5813107932,2026-07-25,5813107932_2026-07-25
5812707252,2026-07-25,5812707252_2026-07-25
5812706197,2026-07-25,5812706197_2026-07-25
5812706168,2026-07-25,5812706168_2026-07-25
5811224982,2026-07-25,5811224982_2026-07-25
5810929455,2026-07-25,5810929455_2026-07-25
5810925850,2026-07-25,5810925850_2026-07-25
5810432816,2026-07-25,5810432816_2026-07-25
5810418047,2026-07-25,5810418047_2026-07-25
5810385556,2026-07-25,5810385556_2026-07-25
5809748765,2026-07-25,5809748765_2026-07-25
5809431267,2026-07-25,5809431267_2026-07-25
5808879590,2026-07-25,5808879590_2026-07-25
5807269685,2026-07-25,5807269685_2026-07-25
5805522188,2026-07-25,5805522188_2026-07-25
5801605315,2026-07-25,5801605315_2026-07-25
5800081827,2026-07-25,5800081827_2026-07-25
5799678696,2026-07-25,5799678696_2026-07-25
5799550062,2026-07-25,5799550062_2026-07-25
5799451043,2026-07-25,5799451043_2026-07-25
5796594231,2026-07-25,5796594231_2026-07-25
5796594236,2026-07-25,5796594236_2026-07-25
5796592947,2026-07-25,5796592947_2026-07-25
5796592934,2026-07-25,5796592934_2026-07-25
5796592933,2026-07-25,5796592933_2026-07-25
5796592937,2026-07-25,5796592937_2026-07-25
5796588595,2026-07-25,5796588595_2026-07-25
5795993931,2026-07-25,5795993931_2026-07-25
5795993941,2026-07-25,5795993941_2026-07-25
5795993955,2026-07-25,5795993955_2026-07-25
5795993952,2026-07-25,5795993952_2026-07-25
5795993915,2026-07-25,5795993915_2026-07-25
5795993970,2026-07-25,5795993970_2026-07-25
5795993973,2026-07-25,5795993973_2026-07-25
5795866489,2026-07-25,5795866489_2026-07-25
5795866479,2026-07-25,5795866479_2026-07-25
5795862941,2026-07-25,5795862941_2026-07-25
5795857109,2026-07-25,5795857109_2026-07-25
5795857115,2026-07-25,5795857115_2026-07-25
5795857111,2026-07-25,5795857111_2026-07-25
5795857112,2026-07-25,5795857112_2026-07-25
5794999997,2026-07-25,5794999997_2026-07-25
5794994204,2026-07-25,5794994204_2026-07-25
5794509199,2026-07-25,5794509199_2026-07-25
5794509175,2026-07-25,5794509175_2026-07-25
5793752746,2026-07-25,5793752746_2026-07-25
5793110760,2026-07-25,5793110760_2026-07-25
5792910984,2026-07-25,5792910984_2026-07-25
5792910988,2026-07-25,5792910988_2026-07-25
5792033156,2026-07-25,5792033156_2026-07-25
5791546201,2026-07-25,5791546201_2026-07-25
5789304068,2026-07-25,5789304068_2026-07-25
5788068645,2026-07-25,5788068645_2026-07-25
5784667794,2026-07-25,5784667794_2026-07-25
5780843790,2026-07-25,5780843790_2026-07-25
5780839632,2026-07-25,5780839632_2026-07-25
5780837143,2026-07-25,5780837143_2026-07-25
5780811426,2026-07-25,5780811426_2026-07-25
5780808562,2026-07-25,5780808562_2026-07-25
5780776381,2026-07-25,5780776381_2026-07-25
5780775563,2026-07-25,5780775563_2026-07-25
5780775252,2026-07-25,5780775252_2026-07-25
5780773938,2026-07-25,5780773938_2026-07-25
5780773750,2026-07-25,5780773750_2026-07-25
5780772781,2026-07-25,5780772781_2026-07-25
5780772558,2026-07-25,5780772558_2026-07-25
5780772205,2026-07-25,5780772205_2026-07-25
5780769882,2026-07-25,5780769882_2026-07-25
5780769836,2026-07-25,5780769836_2026-07-25
5780766957,2026-07-25,5780766957_2026-07-25
5780762559,2026-07-25,5780762559_2026-07-25
5780762339,2026-07-25,5780762339_2026-07-25
5780762292,2026-07-25,5780762292_2026-07-25
5780762121,2026-07-25,5780762121_2026-07-25
5780761573,2026-07-25,5780761573_2026-07-25
5780761492,2026-07-25,5780761492_2026-07-25
5780760698,2026-07-25,5780760698_2026-07-25
5780757990,2026-07-25,5780757990_2026-07-25
5780753927,2026-07-25,5780753927_2026-07-25
5780748445,2026-07-25,5780748445_2026-07-25
5780747936,2026-07-25,5780747936_2026-07-25
5780747745,2026-07-25,5780747745_2026-07-25
5780736797,2026-07-25,5780736797_2026-07-25
5780736733,2026-07-25,5780736733_2026-07-25
5780734663,2026-07-25,5780734663_2026-07-25
5780734489,2026-07-25,5780734489_2026-07-25
5780734303,2026-07-25,5780734303_2026-07-25
5780734297,2026-07-25,5780734297_2026-07-25
5780733067,2026-07-25,5780733067_2026-07-25
5780732921,2026-07-25,5780732921_2026-07-25
5780728325,2026-07-25,5780728325_2026-07-25
5780727960,2026-07-25,5780727960_2026-07-25
5780727284,2026-07-25,5780727284_2026-07-25
5780694661,2026-07-25,5780694661_2026-07-25
5780684251,2026-07-25,5780684251_2026-07-25
5780684014,2026-07-25,5780684014_2026-07-25
5780683745,2026-07-25,5780683745_2026-07-25
5780683690,2026-07-25,5780683690_2026-07-25
5780683665,2026-07-25,5780683665_2026-07-25
5780676141,2026-07-25,5780676141_2026-07-25
5780666027,2026-07-25,5780666027_2026-07-25
5780665607,2026-07-25,5780665607_2026-07-25
5780664473,2026-07-25,5780664473_2026-07-25
5780607316,2026-07-25,5780607316_2026-07-25
5780603430,2026-07-25,5780603430_2026-07-25
5778342063,2026-07-25,5778342063_2026-07-25
5776993857,2026-07-25,5776993857_2026-07-25
5776964765,2026-07-25,5776964765_2026-07-25
5776927803,2026-07-25,5776927803_2026-07-25
5775155479,2026-07-25,5775155479_2026-07-25
5768387462,2026-07-25,5768387462_2026-07-25
5768387449,2026-07-25,5768387449_2026-07-25
5766918054,2026-07-25,5766918054_2026-07-25
5766427836,2026-07-25,5766427836_2026-07-25
5766405912,2026-07-25,5766405912_2026-07-25
5764599590,2026-07-25,5764599590_2026-07-25
5756912166,2026-07-25,5756912166_2026-07-25
5753425721,2026-07-25,5753425721_2026-07-25
5751318463,2026-07-25,5751318463_2026-07-25
5750071716,2026-07-25,5750071716_2026-07-25
5745218975,2026-07-25,5745218975_2026-07-25
5742952443,2026-07-25,5742952443_2026-07-25
5706545739,2026-07-25,5706545739_2026-07-25
5704174529,2026-07-25,5704174529_2026-07-25
5661700267,2026-07-25,5661700267_2026-07-25
5655195272,2026-07-25,5655195272_2026-07-25
5549197295,2026-07-25,5549197295_2026-07-25
5812350848,2026-07-25,5812350848_2026-07-25
5800180701,2026-07-25,5800180701_2026-07-25
5790073261,2026-07-25,5790073261_2026-07-25
5760414295,2026-07-25,5760414295_2026-07-25
5760380207,2026-07-25,5760380207_2026-07-25
5741745168,2026-07-25,5741745168_2026-07-25
5487693705,2026-07-25,5487693705_2026-07-25
5472371029,2026-07-25,5472371029_2026-07-25
5398528750,2026-07-25,5398528750_2026-07-25
4791447253,2026-07-25,4791447253_2026-07-25
5815322956,2026-07-26,5815322956_2026-07-26
5743633024,2026-07-26,5743633024_2026-07-26
5710686417,2026-07-26,5710686417_2026-07-26
5697414865,2026-07-26,5697414865_2026-07-26
5697060529,2026-07-26,5697060529_2026-07-26
5815102829,2026-07-26,5815102829_2026-07-26
5813876486,2026-07-26,5813876486_2026-07-26
5813466324,2026-07-26,5813466324_2026-07-26
5812707252,2026-07-26,5812707252_2026-07-26
5812706197,2026-07-26,5812706197_2026-07-26
5812706168,2026-07-26,5812706168_2026-07-26
5811224982,2026-07-26,5811224982_2026-07-26
5810929455,2026-07-26,5810929455_2026-07-26
5810925850,2026-07-26,5810925850_2026-07-26
5810432816,2026-07-26,5810432816_2026-07-26
5810418047,2026-07-26,5810418047_2026-07-26
5810385556,2026-07-26,5810385556_2026-07-26
5809748765,2026-07-26,5809748765_2026-07-26
5809431267,2026-07-26,5809431267_2026-07-26
5808879590,2026-07-26,5808879590_2026-07-26
5807269685,2026-07-26,5807269685_2026-07-26
5805522188,2026-07-26,5805522188_2026-07-26
5801605315,2026-07-26,5801605315_2026-07-26
5800081827,2026-07-26,5800081827_2026-07-26
5799678696,2026-07-26,5799678696_2026-07-26
5799550062,2026-07-26,5799550062_2026-07-26
5796594231,2026-07-26,5796594231_2026-07-26
5796594236,2026-07-26,5796594236_2026-07-26
5796592947,2026-07-26,5796592947_2026-07-26
5796592934,2026-07-26,5796592934_2026-07-26
5796592933,2026-07-26,5796592933_2026-07-26
5796592937,2026-07-26,5796592937_2026-07-26
5796588595,2026-07-26,5796588595_2026-07-26
5795993931,2026-07-26,5795993931_2026-07-26
5795993941,2026-07-26,5795993941_2026-07-26
5795993955,2026-07-26,5795993955_2026-07-26
5795993952,2026-07-26,5795993952_2026-07-26
5795993915,2026-07-26,5795993915_2026-07-26
5795993970,2026-07-26,5795993970_2026-07-26
5795993973,2026-07-26,5795993973_2026-07-26
5795866489,2026-07-26,5795866489_2026-07-26
5795866479,2026-07-26,5795866479_2026-07-26
5795862941,2026-07-26,5795862941_2026-07-26
5795857112,2026-07-26,5795857112_2026-07-26
5795857115,2026-07-26,5795857115_2026-07-26
5795857111,2026-07-26,5795857111_2026-07-26
5795857109,2026-07-26,5795857109_2026-07-26
5794999997,2026-07-26,5794999997_2026-07-26
5794994204,2026-07-26,5794994204_2026-07-26
5794509199,2026-07-26,5794509199_2026-07-26
5794509175,2026-07-26,5794509175_2026-07-26
5793752746,2026-07-26,5793752746_2026-07-26
5793110760,2026-07-26,5793110760_2026-07-26
5792910984,2026-07-26,5792910984_2026-07-26
5792910988,2026-07-26,5792910988_2026-07-26
5792033156,2026-07-26,5792033156_2026-07-26
5791546201,2026-07-26,5791546201_2026-07-26
5789304068,2026-07-26,5789304068_2026-07-26
5788068645,2026-07-26,5788068645_2026-07-26
5784667794,2026-07-26,5784667794_2026-07-26
5780843790,2026-07-26,5780843790_2026-07-26
5780839632,2026-07-26,5780839632_2026-07-26
5780837143,2026-07-26,5780837143_2026-07-26
5780811426,2026-07-26,5780811426_2026-07-26
5780808562,2026-07-26,5780808562_2026-07-26
5780776381,2026-07-26,5780776381_2026-07-26
5780775563,2026-07-26,5780775563_2026-07-26
5780775252,2026-07-26,5780775252_2026-07-26
5780773938,2026-07-26,5780773938_2026-07-26
5780773750,2026-07-26,5780773750_2026-07-26
5780772781,2026-07-26,5780772781_2026-07-26
5780772558,2026-07-26,5780772558_2026-07-26
5780772205,2026-07-26,5780772205_2026-07-26
5780769882,2026-07-26,5780769882_2026-07-26
5780769836,2026-07-26,5780769836_2026-07-26
5780766957,2026-07-26,5780766957_2026-07-26
5780762559,2026-07-26,5780762559_2026-07-26
5780762339,2026-07-26,5780762339_2026-07-26
5780762292,2026-07-26,5780762292_2026-07-26
5780762121,2026-07-26,5780762121_2026-07-26
5780761573,2026-07-26,5780761573_2026-07-26
5780761492,2026-07-26,5780761492_2026-07-26
5780760698,2026-07-26,5780760698_2026-07-26
5780757990,2026-07-26,5780757990_2026-07-26
5780753927,2026-07-26,5780753927_2026-07-26
5780748445,2026-07-26,5780748445_2026-07-26
5780747936,2026-07-26,5780747936_2026-07-26
5780747745,2026-07-26,5780747745_2026-07-26
5780736797,2026-07-26,5780736797_2026-07-26
5780736733,2026-07-26,5780736733_2026-07-26
5780734663,2026-07-26,5780734663_2026-07-26
5780734489,2026-07-26,5780734489_2026-07-26
5780734303,2026-07-26,5780734303_2026-07-26
5780734297,2026-07-26,5780734297_2026-07-26
5780733067,2026-07-26,5780733067_2026-07-26
5780732921,2026-07-26,5780732921_2026-07-26
5780728325,2026-07-26,5780728325_2026-07-26
5780727960,2026-07-26,5780727960_2026-07-26
5780727284,2026-07-26,5780727284_2026-07-26
5780694661,2026-07-26,5780694661_2026-07-26
5780684251,2026-07-26,5780684251_2026-07-26
5780684014,2026-07-26,5780684014_2026-07-26
5780683745,2026-07-26,5780683745_2026-07-26
5780683690,2026-07-26,5780683690_2026-07-26
5780683665,2026-07-26,5780683665_2026-07-26
5780676141,2026-07-26,5780676141_2026-07-26
5780666027,2026-07-26,5780666027_2026-07-26
5780665607,2026-07-26,5780665607_2026-07-26
5780664473,2026-07-26,5780664473_2026-07-26
5780607316,2026-07-26,5780607316_2026-07-26
5780603430,2026-07-26,5780603430_2026-07-26
5778342063,2026-07-26,5778342063_2026-07-26
5776993857,2026-07-26,5776993857_2026-07-26
5776964765,2026-07-26,5776964765_2026-07-26
5776927803,2026-07-26,5776927803_2026-07-26
5775155479,2026-07-26,5775155479_2026-07-26
5764599590,2026-07-26,5764599590_2026-07-26
5756912166,2026-07-26,5756912166_2026-07-26
5753425721,2026-07-26,5753425721_2026-07-26
5751318463,2026-07-26,5751318463_2026-07-26
5750071716,2026-07-26,5750071716_2026-07-26
5742952443,2026-07-26,5742952443_2026-07-26
5706545739,2026-07-26,5706545739_2026-07-26
5704174529,2026-07-26,5704174529_2026-07-26
5661700267,2026-07-26,5661700267_2026-07-26
5655195272,2026-07-26,5655195272_2026-07-26
5549197295,2026-07-26,5549197295_2026-07-26
5800180701,2026-07-26,5800180701_2026-07-26
5790073261,2026-07-26,5790073261_2026-07-26
5760414295,2026-07-26,5760414295_2026-07-26
5760380207,2026-07-26,5760380207_2026-07-26
5741745168,2026-07-26,5741745168_2026-07-26
5487693705,2026-07-26,5487693705_2026-07-26
5472371029,2026-07-26,5472371029_2026-07-26
5398528750,2026-07-26,5398528750_2026-07-26
4791447253,2026-07-26,4791447253_2026-07-26
5815322956,2026-07-27,5815322956_2026-07-27
5743633024,2026-07-27,5743633024_2026-07-27
5710686417,2026-07-27,5710686417_2026-07-27
5697414865,2026-07-27,5697414865_2026-07-27
5697060529,2026-07-27,5697060529_2026-07-27
5816754870,2026-07-27,5816754870_2026-07-27
5815102829,2026-07-27,5815102829_2026-07-27
5814996595,2026-07-27,5814996595_2026-07-27
5813876486,2026-07-27,5813876486_2026-07-27
5813466324,2026-07-27,5813466324_2026-07-27
5812707252,2026-07-27,5812707252_2026-07-27
5812706197,2026-07-27,5812706197_2026-07-27
5812706168,2026-07-27,5812706168_2026-07-27
5811837002,2026-07-27,5811837002_2026-07-27
5811224982,2026-07-27,5811224982_2026-07-27
5810929455,2026-07-27,5810929455_2026-07-27
5810925850,2026-07-27,5810925850_2026-07-27
5810418047,2026-07-27,5810418047_2026-07-27
5810385556,2026-07-27,5810385556_2026-07-27
5809748765,2026-07-27,5809748765_2026-07-27
5809431267,2026-07-27,5809431267_2026-07-27
5808879590,2026-07-27,5808879590_2026-07-27
5807269685,2026-07-27,5807269685_2026-07-27
5806313287,2026-07-27,5806313287_2026-07-27
5801605315,2026-07-27,5801605315_2026-07-27
5800081827,2026-07-27,5800081827_2026-07-27
5799678696,2026-07-27,5799678696_2026-07-27
5799550062,2026-07-27,5799550062_2026-07-27
5796594231,2026-07-27,5796594231_2026-07-27
5796594236,2026-07-27,5796594236_2026-07-27
5796592947,2026-07-27,5796592947_2026-07-27
5796592934,2026-07-27,5796592934_2026-07-27
5796592933,2026-07-27,5796592933_2026-07-27
5796592937,2026-07-27,5796592937_2026-07-27
5796588595,2026-07-27,5796588595_2026-07-27
5795993931,2026-07-27,5795993931_2026-07-27
5795993941,2026-07-27,5795993941_2026-07-27
5795993955,2026-07-27,5795993955_2026-07-27
5795993952,2026-07-27,5795993952_2026-07-27
5795993915,2026-07-27,5795993915_2026-07-27
5795993970,2026-07-27,5795993970_2026-07-27
5795993973,2026-07-27,5795993973_2026-07-27
5795866489,2026-07-27,5795866489_2026-07-27
5795866479,2026-07-27,5795866479_2026-07-27
5795862941,2026-07-27,5795862941_2026-07-27
5795857112,2026-07-27,5795857112_2026-07-27
5795857115,2026-07-27,5795857115_2026-07-27
5795857111,2026-07-27,5795857111_2026-07-27
5795857109,2026-07-27,5795857109_2026-07-27
5794999997,2026-07-27,5794999997_2026-07-27
5794994204,2026-07-27,5794994204_2026-07-27
5794509199,2026-07-27,5794509199_2026-07-27
5794509175,2026-07-27,5794509175_2026-07-27
5793752746,2026-07-27,5793752746_2026-07-27
5793110760,2026-07-27,5793110760_2026-07-27
5792910984,2026-07-27,5792910984_2026-07-27
5792910988,2026-07-27,5792910988_2026-07-27
5792033156,2026-07-27,5792033156_2026-07-27
5791546201,2026-07-27,5791546201_2026-07-27
5789304068,2026-07-27,5789304068_2026-07-27
5788068645,2026-07-27,5788068645_2026-07-27
5780843790,2026-07-27,5780843790_2026-07-27
5780839632,2026-07-27,5780839632_2026-07-27
5780837143,2026-07-27,5780837143_2026-07-27
5780811426,2026-07-27,5780811426_2026-07-27
5780808562,2026-07-27,5780808562_2026-07-27
5779792830,2026-07-27,5779792830_2026-07-27
5776993857,2026-07-27,5776993857_2026-07-27
5776964765,2026-07-27,5776964765_2026-07-27
5776927803,2026-07-27,5776927803_2026-07-27
5776524603,2026-07-27,5776524603_2026-07-27
5775155479,2026-07-27,5775155479_2026-07-27
5764599590,2026-07-27,5764599590_2026-07-27
5756912166,2026-07-27,5756912166_2026-07-27
5753425721,2026-07-27,5753425721_2026-07-27
5751318463,2026-07-27,5751318463_2026-07-27
5750071716,2026-07-27,5750071716_2026-07-27
5742952443,2026-07-27,5742952443_2026-07-27
5706545739,2026-07-27,5706545739_2026-07-27
5704174529,2026-07-27,5704174529_2026-07-27
5661700267,2026-07-27,5661700267_2026-07-27
5655195272,2026-07-27,5655195272_2026-07-27
5549197295,2026-07-27,5549197295_2026-07-27
5800180701,2026-07-27,5800180701_2026-07-27
5790073261,2026-07-27,5790073261_2026-07-27
5760414295,2026-07-27,5760414295_2026-07-27
5760380207,2026-07-27,5760380207_2026-07-27
5741745168,2026-07-27,5741745168_2026-07-27
5487693705,2026-07-27,5487693705_2026-07-27
5472371029,2026-07-27,5472371029_2026-07-27
5398528750,2026-07-27,5398528750_2026-07-27
4791447253,2026-07-27,4791447253_2026-07-27
5815322956,2026-07-28,5815322956_2026-07-28
5743633024,2026-07-28,5743633024_2026-07-28
5710686417,2026-07-28,5710686417_2026-07-28
5697414865,2026-07-28,5697414865_2026-07-28
5697060529,2026-07-28,5697060529_2026-07-28
5817515339,2026-07-28,5817515339_2026-07-28
5816754870,2026-07-28,5816754870_2026-07-28
5815102829,2026-07-28,5815102829_2026-07-28
5814996595,2026-07-28,5814996595_2026-07-28
5814272005,2026-07-28,5814272005_2026-07-28
5813466324,2026-07-28,5813466324_2026-07-28
5812707252,2026-07-28,5812707252_2026-07-28
5812706197,2026-07-28,5812706197_2026-07-28
5812706168,2026-07-28,5812706168_2026-07-28
5811224982,2026-07-28,5811224982_2026-07-28
5810929455,2026-07-28,5810929455_2026-07-28
5810925850,2026-07-28,5810925850_2026-07-28
5810418047,2026-07-28,5810418047_2026-07-28
5810385556,2026-07-28,5810385556_2026-07-28
5809748765,2026-07-28,5809748765_2026-07-28
5809431267,2026-07-28,5809431267_2026-07-28
5808879590,2026-07-28,5808879590_2026-07-28
5808666963,2026-07-28,5808666963_2026-07-28
5806313287,2026-07-28,5806313287_2026-07-28
5801605315,2026-07-28,5801605315_2026-07-28
5800081827,2026-07-28,5800081827_2026-07-28
5799678696,2026-07-28,5799678696_2026-07-28
5799550062,2026-07-28,5799550062_2026-07-28
5796594231,2026-07-28,5796594231_2026-07-28
5796594236,2026-07-28,5796594236_2026-07-28
5796592933,2026-07-28,5796592933_2026-07-28
5796592947,2026-07-28,5796592947_2026-07-28
5796592934,2026-07-28,5796592934_2026-07-28
5796592937,2026-07-28,5796592937_2026-07-28
5796588595,2026-07-28,5796588595_2026-07-28
5795993915,2026-07-28,5795993915_2026-07-28
5795993970,2026-07-28,5795993970_2026-07-28
5795993973,2026-07-28,5795993973_2026-07-28
5795993931,2026-07-28,5795993931_2026-07-28
5795993941,2026-07-28,5795993941_2026-07-28
5795993955,2026-07-28,5795993955_2026-07-28
5795993952,2026-07-28,5795993952_2026-07-28
5795866489,2026-07-28,5795866489_2026-07-28
5795866479,2026-07-28,5795866479_2026-07-28
5795862941,2026-07-28,5795862941_2026-07-28
5795857112,2026-07-28,5795857112_2026-07-28
5795857115,2026-07-28,5795857115_2026-07-28
5795857111,2026-07-28,5795857111_2026-07-28
5795857109,2026-07-28,5795857109_2026-07-28
5794999997,2026-07-28,5794999997_2026-07-28
5794994204,2026-07-28,5794994204_2026-07-28
5794509175,2026-07-28,5794509175_2026-07-28
5794509199,2026-07-28,5794509199_2026-07-28
5793752746,2026-07-28,5793752746_2026-07-28
5793110760,2026-07-28,5793110760_2026-07-28
5792910984,2026-07-28,5792910984_2026-07-28
5792910988,2026-07-28,5792910988_2026-07-28
5792033156,2026-07-28,5792033156_2026-07-28
5791546201,2026-07-28,5791546201_2026-07-28
5788068645,2026-07-28,5788068645_2026-07-28
5779951839,2026-07-28,5779951839_2026-07-28
5776993857,2026-07-28,5776993857_2026-07-28
5776964765,2026-07-28,5776964765_2026-07-28
5776927803,2026-07-28,5776927803_2026-07-28
5775155479,2026-07-28,5775155479_2026-07-28
5764599590,2026-07-28,5764599590_2026-07-28
5756912166,2026-07-28,5756912166_2026-07-28
5753425721,2026-07-28,5753425721_2026-07-28
5751318463,2026-07-28,5751318463_2026-07-28
5750071716,2026-07-28,5750071716_2026-07-28
5742952443,2026-07-28,5742952443_2026-07-28
5706545739,2026-07-28,5706545739_2026-07-28
5704174529,2026-07-28,5704174529_2026-07-28
5661700267,2026-07-28,5661700267_2026-07-28
5655195272,2026-07-28,5655195272_2026-07-28
5549197295,2026-07-28,5549197295_2026-07-28
5800180701,2026-07-28,5800180701_2026-07-28
5790073261,2026-07-28,5790073261_2026-07-28
5760414295,2026-07-28,5760414295_2026-07-28
5760380207,2026-07-28,5760380207_2026-07-28
5741745168,2026-07-28,5741745168_2026-07-28
5487693705,2026-07-28,5487693705_2026-07-28
5472371029,2026-07-28,5472371029_2026-07-28
5398528750,2026-07-28,5398528750_2026-07-28
4791447253,2026-07-28,4791447253_2026-07-28
5815322956,2026-07-29,5815322956_2026-07-29
5743633024,2026-07-29,5743633024_2026-07-29
5710686417,2026-07-29,5710686417_2026-07-29
5697414865,2026-07-29,5697414865_2026-07-29
5697060529,2026-07-29,5697060529_2026-07-29
5816754870,2026-07-29,5816754870_2026-07-29
5816727287,2026-07-29,5816727287_2026-07-29
5815102829,2026-07-29,5815102829_2026-07-29
5814996595,2026-07-29,5814996595_2026-07-29
5814272005,2026-07-29,5814272005_2026-07-29
5813466324,2026-07-29,5813466324_2026-07-29
5812707252,2026-07-29,5812707252_2026-07-29
5812706197,2026-07-29,5812706197_2026-07-29
5812706168,2026-07-29,5812706168_2026-07-29
5810929455,2026-07-29,5810929455_2026-07-29
5810925850,2026-07-29,5810925850_2026-07-29
5810418047,2026-07-29,5810418047_2026-07-29
5810385556,2026-07-29,5810385556_2026-07-29
5809748765,2026-07-29,5809748765_2026-07-29
5808666963,2026-07-29,5808666963_2026-07-29
5801605315,2026-07-29,5801605315_2026-07-29
5800081827,2026-07-29,5800081827_2026-07-29
5799678696,2026-07-29,5799678696_2026-07-29
5799550062,2026-07-29,5799550062_2026-07-29
5796594236,2026-07-29,5796594236_2026-07-29
5796594231,2026-07-29,5796594231_2026-07-29
5796592937,2026-07-29,5796592937_2026-07-29
5796592947,2026-07-29,5796592947_2026-07-29
5796592933,2026-07-29,5796592933_2026-07-29
5796592934,2026-07-29,5796592934_2026-07-29
5796588595,2026-07-29,5796588595_2026-07-29
5795993915,2026-07-29,5795993915_2026-07-29
5795993970,2026-07-29,5795993970_2026-07-29
5795993973,2026-07-29,5795993973_2026-07-29
5795993931,2026-07-29,5795993931_2026-07-29
5795993941,2026-07-29,5795993941_2026-07-29
5795993955,2026-07-29,5795993955_2026-07-29
5795993952,2026-07-29,5795993952_2026-07-29
5795866489,2026-07-29,5795866489_2026-07-29
5795866479,2026-07-29,5795866479_2026-07-29
5795862941,2026-07-29,5795862941_2026-07-29
5795857112,2026-07-29,5795857112_2026-07-29
5795857115,2026-07-29,5795857115_2026-07-29
5795857109,2026-07-29,5795857109_2026-07-29
5795857111,2026-07-29,5795857111_2026-07-29
5794999997,2026-07-29,5794999997_2026-07-29
5794994204,2026-07-29,5794994204_2026-07-29
5794509175,2026-07-29,5794509175_2026-07-29
5794509199,2026-07-29,5794509199_2026-07-29
5793752746,2026-07-29,5793752746_2026-07-29
5793110760,2026-07-29,5793110760_2026-07-29
5792910988,2026-07-29,5792910988_2026-07-29
5792910984,2026-07-29,5792910984_2026-07-29
5792033156,2026-07-29,5792033156_2026-07-29
5791546201,2026-07-29,5791546201_2026-07-29
5779965157,2026-07-29,5779965157_2026-07-29
5776993857,2026-07-29,5776993857_2026-07-29
5776964765,2026-07-29,5776964765_2026-07-29
5776927803,2026-07-29,5776927803_2026-07-29
5775155479,2026-07-29,5775155479_2026-07-29
5764599590,2026-07-29,5764599590_2026-07-29
5756912166,2026-07-29,5756912166_2026-07-29
5753425721,2026-07-29,5753425721_2026-07-29
5751318463,2026-07-29,5751318463_2026-07-29
5750071716,2026-07-29,5750071716_2026-07-29
5742952443,2026-07-29,5742952443_2026-07-29
5706545739,2026-07-29,5706545739_2026-07-29
5704174529,2026-07-29,5704174529_2026-07-29
5661700267,2026-07-29,5661700267_2026-07-29
5655195272,2026-07-29,5655195272_2026-07-29
5549197295,2026-07-29,5549197295_2026-07-29
5800180701,2026-07-29,5800180701_2026-07-29
5790073261,2026-07-29,5790073261_2026-07-29
5760414295,2026-07-29,5760414295_2026-07-29
5760380207,2026-07-29,5760380207_2026-07-29
5741745168,2026-07-29,5741745168_2026-07-29
5487693705,2026-07-29,5487693705_2026-07-29
5472371029,2026-07-29,5472371029_2026-07-29
5398528750,2026-07-29,5398528750_2026-07-29
4791447253,2026-07-29,4791447253_2026-07-29
5815322956,2026-07-30,5815322956_2026-07-30
5743633024,2026-07-30,5743633024_2026-07-30
5710686417,2026-07-30,5710686417_2026-07-30
5697414865,2026-07-30,5697414865_2026-07-30
5697060529,2026-07-30,5697060529_2026-07-30
5820660977,2026-07-30,5820660977_2026-07-30
5820181655,2026-07-30,5820181655_2026-07-30
5819685922,2026-07-30,5819685922_2026-07-30
5819323850,2026-07-30,5819323850_2026-07-30
5816754870,2026-07-30,5816754870_2026-07-30
5815102829,2026-07-30,5815102829_2026-07-30
5814996595,2026-07-30,5814996595_2026-07-30
5814272005,2026-07-30,5814272005_2026-07-30
5813466324,2026-07-30,5813466324_2026-07-30
5812707252,2026-07-30,5812707252_2026-07-30
5812706197,2026-07-30,5812706197_2026-07-30
5812706168,2026-07-30,5812706168_2026-07-30
5810929455,2026-07-30,5810929455_2026-07-30
5810925850,2026-07-30,5810925850_2026-07-30
5810418047,2026-07-30,5810418047_2026-07-30
5810385556,2026-07-30,5810385556_2026-07-30
5809748765,2026-07-30,5809748765_2026-07-30
5806281020,2026-07-30,5806281020_2026-07-30
5801605315,2026-07-30,5801605315_2026-07-30
5800081827,2026-07-30,5800081827_2026-07-30
5799678696,2026-07-30,5799678696_2026-07-30
5799550062,2026-07-30,5799550062_2026-07-30
5796594231,2026-07-30,5796594231_2026-07-30
5796594236,2026-07-30,5796594236_2026-07-30
5796592947,2026-07-30,5796592947_2026-07-30
5796592933,2026-07-30,5796592933_2026-07-30
5796592934,2026-07-30,5796592934_2026-07-30
5796592937,2026-07-30,5796592937_2026-07-30
5796588595,2026-07-30,5796588595_2026-07-30
5795993915,2026-07-30,5795993915_2026-07-30
5795993970,2026-07-30,5795993970_2026-07-30
5795993973,2026-07-30,5795993973_2026-07-30
5795993931,2026-07-30,5795993931_2026-07-30
5795993941,2026-07-30,5795993941_2026-07-30
5795993955,2026-07-30,5795993955_2026-07-30
5795993952,2026-07-30,5795993952_2026-07-30
5795866489,2026-07-30,5795866489_2026-07-30
5795866479,2026-07-30,5795866479_2026-07-30
5795862941,2026-07-30,5795862941_2026-07-30
5795857112,2026-07-30,5795857112_2026-07-30
5795857115,2026-07-30,5795857115_2026-07-30
5795857109,2026-07-30,5795857109_2026-07-30
5795857111,2026-07-30,5795857111_2026-07-30
5794999997,2026-07-30,5794999997_2026-07-30
5794994204,2026-07-30,5794994204_2026-07-30
5794509175,2026-07-30,5794509175_2026-07-30
5794509199,2026-07-30,5794509199_2026-07-30
5793752746,2026-07-30,5793752746_2026-07-30
5793110760,2026-07-30,5793110760_2026-07-30
5792910988,2026-07-30,5792910988_2026-07-30
5792910984,2026-07-30,5792910984_2026-07-30
5792033156,2026-07-30,5792033156_2026-07-30
5791546201,2026-07-30,5791546201_2026-07-30
5776993857,2026-07-30,5776993857_2026-07-30
5776964765,2026-07-30,5776964765_2026-07-30
5776927803,2026-07-30,5776927803_2026-07-30
5775155479,2026-07-30,5775155479_2026-07-30
5764599590,2026-07-30,5764599590_2026-07-30
5756912166,2026-07-30,5756912166_2026-07-30
5753425721,2026-07-30,5753425721_2026-07-30
5751318463,2026-07-30,5751318463_2026-07-30
5750071716,2026-07-30,5750071716_2026-07-30
5742952443,2026-07-30,5742952443_2026-07-30
5706545739,2026-07-30,5706545739_2026-07-30
5704174529,2026-07-30,5704174529_2026-07-30
5661700267,2026-07-30,5661700267_2026-07-30
5655195272,2026-07-30,5655195272_2026-07-30
5549197295,2026-07-30,5549197295_2026-07-30
5800180701,2026-07-30,5800180701_2026-07-30
5790073261,2026-07-30,5790073261_2026-07-30
5760414295,2026-07-30,5760414295_2026-07-30
5760380207,2026-07-30,5760380207_2026-07-30
5741745168,2026-07-30,5741745168_2026-07-30
5584690423,2026-07-30,5584690423_2026-07-30
5487693705,2026-07-30,5487693705_2026-07-30
5472371029,2026-07-30,5472371029_2026-07-30
5398528750,2026-07-30,5398528750_2026-07-30
4791447253,2026-07-30,4791447253_2026-07-30
5815322956,2026-07-31,5815322956_2026-07-31
5743633024,2026-07-31,5743633024_2026-07-31
5710686417,2026-07-31,5710686417_2026-07-31
5697414865,2026-07-31,5697414865_2026-07-31
5697060529,2026-07-31,5697060529_2026-07-31
5820660977,2026-07-31,5820660977_2026-07-31
5819685922,2026-07-31,5819685922_2026-07-31
5816754870,2026-07-31,5816754870_2026-07-31
5816727287,2026-07-31,5816727287_2026-07-31
5815102829,2026-07-31,5815102829_2026-07-31
5814272005,2026-07-31,5814272005_2026-07-31
5813466324,2026-07-31,5813466324_2026-07-31
5812707252,2026-07-31,5812707252_2026-07-31
5812706197,2026-07-31,5812706197_2026-07-31
5812706168,2026-07-31,5812706168_2026-07-31
5810929455,2026-07-31,5810929455_2026-07-31
5810925850,2026-07-31,5810925850_2026-07-31
5809748765,2026-07-31,5809748765_2026-07-31
5801605315,2026-07-31,5801605315_2026-07-31
5800081827,2026-07-31,5800081827_2026-07-31
5799678696,2026-07-31,5799678696_2026-07-31
5795993915,2026-07-31,5795993915_2026-07-31
5795993970,2026-07-31,5795993970_2026-07-31
5795993973,2026-07-31,5795993973_2026-07-31
5795993931,2026-07-31,5795993931_2026-07-31
5795993941,2026-07-31,5795993941_2026-07-31
5795993955,2026-07-31,5795993955_2026-07-31
5795993952,2026-07-31,5795993952_2026-07-31
5795866489,2026-07-31,5795866489_2026-07-31
5795866479,2026-07-31,5795866479_2026-07-31
5795862941,2026-07-31,5795862941_2026-07-31
5795857111,2026-07-31,5795857111_2026-07-31
5795857112,2026-07-31,5795857112_2026-07-31
5795857115,2026-07-31,5795857115_2026-07-31
5795857109,2026-07-31,5795857109_2026-07-31
5794999997,2026-07-31,5794999997_2026-07-31
5794994204,2026-07-31,5794994204_2026-07-31
5794509175,2026-07-31,5794509175_2026-07-31
5794509199,2026-07-31,5794509199_2026-07-31
5793752746,2026-07-31,5793752746_2026-07-31
5793110760,2026-07-31,5793110760_2026-07-31
5792910988,2026-07-31,5792910988_2026-07-31
5792910984,2026-07-31,5792910984_2026-07-31
5775155479,2026-07-31,5775155479_2026-07-31
5764599590,2026-07-31,5764599590_2026-07-31
5753425721,2026-07-31,5753425721_2026-07-31
5751318463,2026-07-31,5751318463_2026-07-31
5750071716,2026-07-31,5750071716_2026-07-31
5742952443,2026-07-31,5742952443_2026-07-31
5706545739,2026-07-31,5706545739_2026-07-31
5704174529,2026-07-31,5704174529_2026-07-31
5661700267,2026-07-31,5661700267_2026-07-31
5655195272,2026-07-31,5655195272_2026-07-31
5549197295,2026-07-31,5549197295_2026-07-31
5800180701,2026-07-31,5800180701_2026-07-31
5790073261,2026-07-31,5790073261_2026-07-31
5760414295,2026-07-31,5760414295_2026-07-31
5760380207,2026-07-31,5760380207_2026-07-31
5584690423,2026-07-31,5584690423_2026-07-31
5487693705,2026-07-31,5487693705_2026-07-31
5472371029,2026-07-31,5472371029_2026-07-31
5398528750,2026-07-31,5398528750_2026-07-31
4791447253,2026-07-31,4791447253_2026-07-31
5815322956,2026-08-01,5815322956_2026-08-01
5743633024,2026-08-01,5743633024_2026-08-01
5710686417,2026-08-01,5710686417_2026-08-01
5697414865,2026-08-01,5697414865_2026-08-01
5697060529,2026-08-01,5697060529_2026-08-01
5822941839,2026-08-01,5822941839_2026-08-01
5822399286,2026-08-01,5822399286_2026-08-01
5822371327,2026-08-01,5822371327_2026-08-01
5820660977,2026-08-01,5820660977_2026-08-01
5819685922,2026-08-01,5819685922_2026-08-01
5819323850,2026-08-01,5819323850_2026-08-01
5816754870,2026-08-01,5816754870_2026-08-01
5815102829,2026-08-01,5815102829_2026-08-01
5814996595,2026-08-01,5814996595_2026-08-01
5814272005,2026-08-01,5814272005_2026-08-01
5814090729,2026-08-01,5814090729_2026-08-01
5814014475,2026-08-01,5814014475_2026-08-01
5813466324,2026-08-01,5813466324_2026-08-01
5812707252,2026-08-01,5812707252_2026-08-01
5812706197,2026-08-01,5812706197_2026-08-01
5812706168,2026-08-01,5812706168_2026-08-01
5810929455,2026-08-01,5810929455_2026-08-01
5810925850,2026-08-01,5810925850_2026-08-01
5810418047,2026-08-01,5810418047_2026-08-01
5810385556,2026-08-01,5810385556_2026-08-01
5809748765,2026-08-01,5809748765_2026-08-01
5806313287,2026-08-01,5806313287_2026-08-01
5801605315,2026-08-01,5801605315_2026-08-01
5800081827,2026-08-01,5800081827_2026-08-01
5799678696,2026-08-01,5799678696_2026-08-01
5799550062,2026-08-01,5799550062_2026-08-01
5796594236,2026-08-01,5796594236_2026-08-01
5796594231,2026-08-01,5796594231_2026-08-01
5796592934,2026-08-01,5796592934_2026-08-01
5796592937,2026-08-01,5796592937_2026-08-01
5796592947,2026-08-01,5796592947_2026-08-01
5796588595,2026-08-01,5796588595_2026-08-01
5795993915,2026-08-01,5795993915_2026-08-01
5795993970,2026-08-01,5795993970_2026-08-01
5795993973,2026-08-01,5795993973_2026-08-01
5795993931,2026-08-01,5795993931_2026-08-01
5795993941,2026-08-01,5795993941_2026-08-01
5795993955,2026-08-01,5795993955_2026-08-01
5795993952,2026-08-01,5795993952_2026-08-01
5795866489,2026-08-01,5795866489_2026-08-01
5795866479,2026-08-01,5795866479_2026-08-01
5795862941,2026-08-01,5795862941_2026-08-01
5795857111,2026-08-01,5795857111_2026-08-01
5795857112,2026-08-01,5795857112_2026-08-01
5795857115,2026-08-01,5795857115_2026-08-01
5795857109,2026-08-01,5795857109_2026-08-01
5794999997,2026-08-01,5794999997_2026-08-01
5794994204,2026-08-01,5794994204_2026-08-01
5794509175,2026-08-01,5794509175_2026-08-01
5794509199,2026-08-01,5794509199_2026-08-01
5793752746,2026-08-01,5793752746_2026-08-01
5793110760,2026-08-01,5793110760_2026-08-01
5792910988,2026-08-01,5792910988_2026-08-01
5792910984,2026-08-01,5792910984_2026-08-01
5792033156,2026-08-01,5792033156_2026-08-01
5791546201,2026-08-01,5791546201_2026-08-01
5776993857,2026-08-01,5776993857_2026-08-01
5776927803,2026-08-01,5776927803_2026-08-01
5775155479,2026-08-01,5775155479_2026-08-01
5764599590,2026-08-01,5764599590_2026-08-01
5756912166,2026-08-01,5756912166_2026-08-01
5753425721,2026-08-01,5753425721_2026-08-01
5751318463,2026-08-01,5751318463_2026-08-01
5750071716,2026-08-01,5750071716_2026-08-01
5742952443,2026-08-01,5742952443_2026-08-01
5706545739,2026-08-01,5706545739_2026-08-01
5704174529,2026-08-01,5704174529_2026-08-01
5661700267,2026-08-01,5661700267_2026-08-01
5655195272,2026-08-01,5655195272_2026-08-01
5549197295,2026-08-01,5549197295_2026-08-01
5820963272,2026-08-01,5820963272_2026-08-01
5800180701,2026-08-01,5800180701_2026-08-01
5790073261,2026-08-01,5790073261_2026-08-01
5760414295,2026-08-01,5760414295_2026-08-01
5760380207,2026-08-01,5760380207_2026-08-01
5741745168,2026-08-01,5741745168_2026-08-01
5584690423,2026-08-01,5584690423_2026-08-01
5487693705,2026-08-01,5487693705_2026-08-01
5472371029,2026-08-01,5472371029_2026-08-01
5398528750,2026-08-01,5398528750_2026-08-01
4791447253,2026-08-01,4791447253_2026-08-01
5815322956,2026-08-02,5815322956_2026-08-02
5743633024,2026-08-02,5743633024_2026-08-02
5710686417,2026-08-02,5710686417_2026-08-02
5697414865,2026-08-02,5697414865_2026-08-02
5697060529,2026-08-02,5697060529_2026-08-02
5825275846,2026-08-02,5825275846_2026-08-02
5824798028,2026-08-02,5824798028_2026-08-02
5823681570,2026-08-02,5823681570_2026-08-02
5822941839,2026-08-02,5822941839_2026-08-02
5822399286,2026-08-02,5822399286_2026-08-02
5822371327,2026-08-02,5822371327_2026-08-02
5820660977,2026-08-02,5820660977_2026-08-02
5819685922,2026-08-02,5819685922_2026-08-02
5819323850,2026-08-02,5819323850_2026-08-02
5816754870,2026-08-02,5816754870_2026-08-02
5814996595,2026-08-02,5814996595_2026-08-02
5814272005,2026-08-02,5814272005_2026-08-02
5814090729,2026-08-02,5814090729_2026-08-02
5814014475,2026-08-02,5814014475_2026-08-02
5813466324,2026-08-02,5813466324_2026-08-02
5812707252,2026-08-02,5812707252_2026-08-02
5812706197,2026-08-02,5812706197_2026-08-02
5812706168,2026-08-02,5812706168_2026-08-02
5810929455,2026-08-02,5810929455_2026-08-02
5810925850,2026-08-02,5810925850_2026-08-02
5810418047,2026-08-02,5810418047_2026-08-02
5810385556,2026-08-02,5810385556_2026-08-02
5809748765,2026-08-02,5809748765_2026-08-02
5806313287,2026-08-02,5806313287_2026-08-02
5801605315,2026-08-02,5801605315_2026-08-02
5800081827,2026-08-02,5800081827_2026-08-02
5799678696,2026-08-02,5799678696_2026-08-02
5799550062,2026-08-02,5799550062_2026-08-02
5796594236,2026-08-02,5796594236_2026-08-02
5796594231,2026-08-02,5796594231_2026-08-02
5796592933,2026-08-02,5796592933_2026-08-02
5796592934,2026-08-02,5796592934_2026-08-02
5796592937,2026-08-02,5796592937_2026-08-02
5796592947,2026-08-02,5796592947_2026-08-02
5796588595,2026-08-02,5796588595_2026-08-02
5795993915,2026-08-02,5795993915_2026-08-02
5795993970,2026-08-02,5795993970_2026-08-02
5795993973,2026-08-02,5795993973_2026-08-02
5795993931,2026-08-02,5795993931_2026-08-02
5795993941,2026-08-02,5795993941_2026-08-02
5795993955,2026-08-02,5795993955_2026-08-02
5795993952,2026-08-02,5795993952_2026-08-02
5795866489,2026-08-02,5795866489_2026-08-02
5795866479,2026-08-02,5795866479_2026-08-02
5795862941,2026-08-02,5795862941_2026-08-02
5795857109,2026-08-02,5795857109_2026-08-02
5795857115,2026-08-02,5795857115_2026-08-02
5795857112,2026-08-02,5795857112_2026-08-02
5795857111,2026-08-02,5795857111_2026-08-02
5794999997,2026-08-02,5794999997_2026-08-02
5794994204,2026-08-02,5794994204_2026-08-02
5794509175,2026-08-02,5794509175_2026-08-02
5794509199,2026-08-02,5794509199_2026-08-02
5793752746,2026-08-02,5793752746_2026-08-02
5793110760,2026-08-02,5793110760_2026-08-02
5792910984,2026-08-02,5792910984_2026-08-02
5792910988,2026-08-02,5792910988_2026-08-02
5792033156,2026-08-02,5792033156_2026-08-02
5791546201,2026-08-02,5791546201_2026-08-02
5776993857,2026-08-02,5776993857_2026-08-02
5776927803,2026-08-02,5776927803_2026-08-02
5776524603,2026-08-02,5776524603_2026-08-02
5775155479,2026-08-02,5775155479_2026-08-02
5764599590,2026-08-02,5764599590_2026-08-02
5756912166,2026-08-02,5756912166_2026-08-02
5753425721,2026-08-02,5753425721_2026-08-02
5750071716,2026-08-02,5750071716_2026-08-02
5742952443,2026-08-02,5742952443_2026-08-02
5706545739,2026-08-02,5706545739_2026-08-02
5704174529,2026-08-02,5704174529_2026-08-02
5661700267,2026-08-02,5661700267_2026-08-02
5655195272,2026-08-02,5655195272_2026-08-02
5549197295,2026-08-02,5549197295_2026-08-02
5820963272,2026-08-02,5820963272_2026-08-02
5800180701,2026-08-02,5800180701_2026-08-02
5790073261,2026-08-02,5790073261_2026-08-02
5760414295,2026-08-02,5760414295_2026-08-02
5760380207,2026-08-02,5760380207_2026-08-02
5741745168,2026-08-02,5741745168_2026-08-02
5584690423,2026-08-02,5584690423_2026-08-02
5487693705,2026-08-02,5487693705_2026-08-02
5472371029,2026-08-02,5472371029_2026-08-02
5398528750,2026-08-02,5398528750_2026-08-02
4791447253,2026-08-02,4791447253_2026-08-02
5815322956,2026-08-03,5815322956_2026-08-03
5743633024,2026-08-03,5743633024_2026-08-03
5710686417,2026-08-03,5710686417_2026-08-03
5697414865,2026-08-03,5697414865_2026-08-03
5697060529,2026-08-03,5697060529_2026-08-03
5825275846,2026-08-03,5825275846_2026-08-03
5824798028,2026-08-03,5824798028_2026-08-03
5823681570,2026-08-03,5823681570_2026-08-03
5822941839,2026-08-03,5822941839_2026-08-03
5822399286,2026-08-03,5822399286_2026-08-03
5822371327,2026-08-03,5822371327_2026-08-03
5820660977,2026-08-03,5820660977_2026-08-03
5816754870,2026-08-03,5816754870_2026-08-03
5814996595,2026-08-03,5814996595_2026-08-03
5814272005,2026-08-03,5814272005_2026-08-03
5814090729,2026-08-03,5814090729_2026-08-03
5814014475,2026-08-03,5814014475_2026-08-03
5813466324,2026-08-03,5813466324_2026-08-03
5812707252,2026-08-03,5812707252_2026-08-03
5812706197,2026-08-03,5812706197_2026-08-03
5812706168,2026-08-03,5812706168_2026-08-03
5810929455,2026-08-03,5810929455_2026-08-03
5810925850,2026-08-03,5810925850_2026-08-03
5810418047,2026-08-03,5810418047_2026-08-03
5810385556,2026-08-03,5810385556_2026-08-03
5809748765,2026-08-03,5809748765_2026-08-03
5801605315,2026-08-03,5801605315_2026-08-03
5800081827,2026-08-03,5800081827_2026-08-03
5799678696,2026-08-03,5799678696_2026-08-03
5799550062,2026-08-03,5799550062_2026-08-03
5796594236,2026-08-03,5796594236_2026-08-03
5796594231,2026-08-03,5796594231_2026-08-03
5796592933,2026-08-03,5796592933_2026-08-03
5796592934,2026-08-03,5796592934_2026-08-03
5796592937,2026-08-03,5796592937_2026-08-03
5796592947,2026-08-03,5796592947_2026-08-03
5796588595,2026-08-03,5796588595_2026-08-03
5795993915,2026-08-03,5795993915_2026-08-03
5795993970,2026-08-03,5795993970_2026-08-03
5795993973,2026-08-03,5795993973_2026-08-03
5795993931,2026-08-03,5795993931_2026-08-03
5795993941,2026-08-03,5795993941_2026-08-03
5795993955,2026-08-03,5795993955_2026-08-03
5795993952,2026-08-03,5795993952_2026-08-03
5795866489,2026-08-03,5795866489_2026-08-03
5795866479,2026-08-03,5795866479_2026-08-03
5795862941,2026-08-03,5795862941_2026-08-03
5795857109,2026-08-03,5795857109_2026-08-03
5795857115,2026-08-03,5795857115_2026-08-03
5795857112,2026-08-03,5795857112_2026-08-03
5795857111,2026-08-03,5795857111_2026-08-03
5794999997,2026-08-03,5794999997_2026-08-03
5794994204,2026-08-03,5794994204_2026-08-03
5794509175,2026-08-03,5794509175_2026-08-03
5794509199,2026-08-03,5794509199_2026-08-03
5793752746,2026-08-03,5793752746_2026-08-03
5793110760,2026-08-03,5793110760_2026-08-03
5792910988,2026-08-03,5792910988_2026-08-03
5792910984,2026-08-03,5792910984_2026-08-03
5792033156,2026-08-03,5792033156_2026-08-03
5791546201,2026-08-03,5791546201_2026-08-03
5776993857,2026-08-03,5776993857_2026-08-03
5776927803,2026-08-03,5776927803_2026-08-03
5775155479,2026-08-03,5775155479_2026-08-03
5764599590,2026-08-03,5764599590_2026-08-03
5756912166,2026-08-03,5756912166_2026-08-03
5753425721,2026-08-03,5753425721_2026-08-03
5750071716,2026-08-03,5750071716_2026-08-03
5742952443,2026-08-03,5742952443_2026-08-03
5706545739,2026-08-03,5706545739_2026-08-03
5704174529,2026-08-03,5704174529_2026-08-03
5661700267,2026-08-03,5661700267_2026-08-03
5655195272,2026-08-03,5655195272_2026-08-03
5549197295,2026-08-03,5549197295_2026-08-03
5820963272,2026-08-03,5820963272_2026-08-03
5800180701,2026-08-03,5800180701_2026-08-03
5790073261,2026-08-03,5790073261_2026-08-03
5760414295,2026-08-03,5760414295_2026-08-03
5760380207,2026-08-03,5760380207_2026-08-03
5741745168,2026-08-03,5741745168_2026-08-03
5487693705,2026-08-03,5487693705_2026-08-03
5472371029,2026-08-03,5472371029_2026-08-03
5398528750,2026-08-03,5398528750_2026-08-03
4791447253,2026-08-03,4791447253_2026-08-03
5815322956,2026-08-04,5815322956_2026-08-04
5743633024,2026-08-04,5743633024_2026-08-04
5710686417,2026-08-04,5710686417_2026-08-04
5697414865,2026-08-04,5697414865_2026-08-04
5697060529,2026-08-04,5697060529_2026-08-04
5827025736,2026-08-04,5827025736_2026-08-04
5827004230,2026-08-04,5827004230_2026-08-04
5826998028,2026-08-04,5826998028_2026-08-04
5826918177,2026-08-04,5826918177_2026-08-04
5826912945,2026-08-04,5826912945_2026-08-04
5825275846,2026-08-04,5825275846_2026-08-04
5824798028,2026-08-04,5824798028_2026-08-04
5823681570,2026-08-04,5823681570_2026-08-04
5822399286,2026-08-04,5822399286_2026-08-04
5822371327,2026-08-04,5822371327_2026-08-04
5820660977,2026-08-04,5820660977_2026-08-04
5816754870,2026-08-04,5816754870_2026-08-04
5813466324,2026-08-04,5813466324_2026-08-04
5812707252,2026-08-04,5812707252_2026-08-04
5812706197,2026-08-04,5812706197_2026-08-04
5812706168,2026-08-04,5812706168_2026-08-04
5810929455,2026-08-04,5810929455_2026-08-04
5810925850,2026-08-04,5810925850_2026-08-04
5809748765,2026-08-04,5809748765_2026-08-04
5801605315,2026-08-04,5801605315_2026-08-04
5800081827,2026-08-04,5800081827_2026-08-04
5799678696,2026-08-04,5799678696_2026-08-04
5795993915,2026-08-04,5795993915_2026-08-04
5795993970,2026-08-04,5795993970_2026-08-04
5795993973,2026-08-04,5795993973_2026-08-04
5795993931,2026-08-04,5795993931_2026-08-04
5795993941,2026-08-04,5795993941_2026-08-04
5795993955,2026-08-04,5795993955_2026-08-04
5795993952,2026-08-04,5795993952_2026-08-04
5795866489,2026-08-04,5795866489_2026-08-04
5795866479,2026-08-04,5795866479_2026-08-04
5795862941,2026-08-04,5795862941_2026-08-04
5795857109,2026-08-04,5795857109_2026-08-04
5795857115,2026-08-04,5795857115_2026-08-04
5795857112,2026-08-04,5795857112_2026-08-04
5795857111,2026-08-04,5795857111_2026-08-04
5794999997,2026-08-04,5794999997_2026-08-04
5794994204,2026-08-04,5794994204_2026-08-04
5794509175,2026-08-04,5794509175_2026-08-04
5794509199,2026-08-04,5794509199_2026-08-04
5793752746,2026-08-04,5793752746_2026-08-04
5793110760,2026-08-04,5793110760_2026-08-04
5792910988,2026-08-04,5792910988_2026-08-04
5792910984,2026-08-04,5792910984_2026-08-04
5791546201,2026-08-04,5791546201_2026-08-04
5776993857,2026-08-04,5776993857_2026-08-04
5776927803,2026-08-04,5776927803_2026-08-04
5775155479,2026-08-04,5775155479_2026-08-04
5764599590,2026-08-04,5764599590_2026-08-04
5753425721,2026-08-04,5753425721_2026-08-04
5750071716,2026-08-04,5750071716_2026-08-04
5742952443,2026-08-04,5742952443_2026-08-04
5706545739,2026-08-04,5706545739_2026-08-04
5704174529,2026-08-04,5704174529_2026-08-04
5661700267,2026-08-04,5661700267_2026-08-04
5655195272,2026-08-04,5655195272_2026-08-04
5549197295,2026-08-04,5549197295_2026-08-04
5827200281,2026-08-04,5827200281_2026-08-04
5820963272,2026-08-04,5820963272_2026-08-04
5800180701,2026-08-04,5800180701_2026-08-04
5790073261,2026-08-04,5790073261_2026-08-04
5760414295,2026-08-04,5760414295_2026-08-04
5760380207,2026-08-04,5760380207_2026-08-04
5584690423,2026-08-04,5584690423_2026-08-04
5487693705,2026-08-04,5487693705_2026-08-04
5472371029,2026-08-04,5472371029_2026-08-04
5398528750,2026-08-04,5398528750_2026-08-04
4791447253,2026-08-04,4791447253_2026-08-04
5815322956,2026-08-05,5815322956_2026-08-05
5743633024,2026-08-05,5743633024_2026-08-05
5710686417,2026-08-05,5710686417_2026-08-05
5697414865,2026-08-05,5697414865_2026-08-05
5697060529,2026-08-05,5697060529_2026-08-05
5828653498,2026-08-05,5828653498_2026-08-05
5827022129,2026-08-05,5827022129_2026-08-05
5827020894,2026-08-05,5827020894_2026-08-05
5826918177,2026-08-05,5826918177_2026-08-05
5826912945,2026-08-05,5826912945_2026-08-05
5825275846,2026-08-05,5825275846_2026-08-05
5824798028,2026-08-05,5824798028_2026-08-05
5823681570,2026-08-05,5823681570_2026-08-05
5822941839,2026-08-05,5822941839_2026-08-05
5822399286,2026-08-05,5822399286_2026-08-05
5822371327,2026-08-05,5822371327_2026-08-05
5820660977,2026-08-05,5820660977_2026-08-05
5816754870,2026-08-05,5816754870_2026-08-05
5814996595,2026-08-05,5814996595_2026-08-05
5813466324,2026-08-05,5813466324_2026-08-05
5812707252,2026-08-05,5812707252_2026-08-05
5812706197,2026-08-05,5812706197_2026-08-05
5812706168,2026-08-05,5812706168_2026-08-05
5810929455,2026-08-05,5810929455_2026-08-05
5810925850,2026-08-05,5810925850_2026-08-05
5810418047,2026-08-05,5810418047_2026-08-05
5810385556,2026-08-05,5810385556_2026-08-05
5809748765,2026-08-05,5809748765_2026-08-05
5801605315,2026-08-05,5801605315_2026-08-05
5800081827,2026-08-05,5800081827_2026-08-05
5799678696,2026-08-05,5799678696_2026-08-05
5799550062,2026-08-05,5799550062_2026-08-05
5796594231,2026-08-05,5796594231_2026-08-05
5796594236,2026-08-05,5796594236_2026-08-05
5796592934,2026-08-05,5796592934_2026-08-05
5796592937,2026-08-05,5796592937_2026-08-05
5796592947,2026-08-05,5796592947_2026-08-05
5796592933,2026-08-05,5796592933_2026-08-05
5796588595,2026-08-05,5796588595_2026-08-05
5795993915,2026-08-05,5795993915_2026-08-05
5795993970,2026-08-05,5795993970_2026-08-05
5795993973,2026-08-05,5795993973_2026-08-05
5795993931,2026-08-05,5795993931_2026-08-05
5795993941,2026-08-05,5795993941_2026-08-05
5795993955,2026-08-05,5795993955_2026-08-05
5795993952,2026-08-05,5795993952_2026-08-05
5795866489,2026-08-05,5795866489_2026-08-05
5795866479,2026-08-05,5795866479_2026-08-05
5795862941,2026-08-05,5795862941_2026-08-05
5795857112,2026-08-05,5795857112_2026-08-05
5795857115,2026-08-05,5795857115_2026-08-05
5795857109,2026-08-05,5795857109_2026-08-05
5795857111,2026-08-05,5795857111_2026-08-05
5794999997,2026-08-05,5794999997_2026-08-05
5794994204,2026-08-05,5794994204_2026-08-05
5794509175,2026-08-05,5794509175_2026-08-05
5794509199,2026-08-05,5794509199_2026-08-05
5793752746,2026-08-05,5793752746_2026-08-05
5793110760,2026-08-05,5793110760_2026-08-05
5792910988,2026-08-05,5792910988_2026-08-05
5792910984,2026-08-05,5792910984_2026-08-05
5792033156,2026-08-05,5792033156_2026-08-05
5791546201,2026-08-05,5791546201_2026-08-05
5776993857,2026-08-05,5776993857_2026-08-05
5776927803,2026-08-05,5776927803_2026-08-05
5775155479,2026-08-05,5775155479_2026-08-05
5764599590,2026-08-05,5764599590_2026-08-05
5756912166,2026-08-05,5756912166_2026-08-05
5753425721,2026-08-05,5753425721_2026-08-05
5750071716,2026-08-05,5750071716_2026-08-05
5742952443,2026-08-05,5742952443_2026-08-05
5706545739,2026-08-05,5706545739_2026-08-05
5704174529,2026-08-05,5704174529_2026-08-05
5661700267,2026-08-05,5661700267_2026-08-05
5655195272,2026-08-05,5655195272_2026-08-05
5549197295,2026-08-05,5549197295_2026-08-05
5827200281,2026-08-05,5827200281_2026-08-05
5820963272,2026-08-05,5820963272_2026-08-05
5800180701,2026-08-05,5800180701_2026-08-05
5790073261,2026-08-05,5790073261_2026-08-05
5760414295,2026-08-05,5760414295_2026-08-05
5760380207,2026-08-05,5760380207_2026-08-05
5584690423,2026-08-05,5584690423_2026-08-05
5487693705,2026-08-05,5487693705_2026-08-05
5472371029,2026-08-05,5472371029_2026-08-05
5398528750,2026-08-05,5398528750_2026-08-05
4791447253,2026-08-05,4791447253_2026-08-05
5815322956,2026-08-06,5815322956_2026-08-06
5743633024,2026-08-06,5743633024_2026-08-06
5710686417,2026-08-06,5710686417_2026-08-06
5697414865,2026-08-06,5697414865_2026-08-06
5697060529,2026-08-06,5697060529_2026-08-06
5829806316,2026-08-06,5829806316_2026-08-06
5829787825,2026-08-06,5829787825_2026-08-06
5829110414,2026-08-06,5829110414_2026-08-06
5828780470,2026-08-06,5828780470_2026-08-06
5828653498,2026-08-06,5828653498_2026-08-06
5825275846,2026-08-06,5825275846_2026-08-06
5824798028,2026-08-06,5824798028_2026-08-06
5823681570,2026-08-06,5823681570_2026-08-06
5822399286,2026-08-06,5822399286_2026-08-06
5822371327,2026-08-06,5822371327_2026-08-06
5820660977,2026-08-06,5820660977_2026-08-06
5816754870,2026-08-06,5816754870_2026-08-06
5814090729,2026-08-06,5814090729_2026-08-06
5814014475,2026-08-06,5814014475_2026-08-06
5813466324,2026-08-06,5813466324_2026-08-06
5812707252,2026-08-06,5812707252_2026-08-06
5812706197,2026-08-06,5812706197_2026-08-06
5812706168,2026-08-06,5812706168_2026-08-06
5810929455,2026-08-06,5810929455_2026-08-06
5810925850,2026-08-06,5810925850_2026-08-06
5810385556,2026-08-06,5810385556_2026-08-06
5809748765,2026-08-06,5809748765_2026-08-06
5801605315,2026-08-06,5801605315_2026-08-06
5800081827,2026-08-06,5800081827_2026-08-06
5799678696,2026-08-06,5799678696_2026-08-06
5799550062,2026-08-06,5799550062_2026-08-06
5796592947,2026-08-06,5796592947_2026-08-06
5796592933,2026-08-06,5796592933_2026-08-06
5796592937,2026-08-06,5796592937_2026-08-06
5796592934,2026-08-06,5796592934_2026-08-06
5796588595,2026-08-06,5796588595_2026-08-06
5795993915,2026-08-06,5795993915_2026-08-06
5795993970,2026-08-06,5795993970_2026-08-06
5795993973,2026-08-06,5795993973_2026-08-06
5795993931,2026-08-06,5795993931_2026-08-06
5795993941,2026-08-06,5795993941_2026-08-06
5795993955,2026-08-06,5795993955_2026-08-06
5795993952,2026-08-06,5795993952_2026-08-06
5795866489,2026-08-06,5795866489_2026-08-06
5795866479,2026-08-06,5795866479_2026-08-06
5795862941,2026-08-06,5795862941_2026-08-06
5795857112,2026-08-06,5795857112_2026-08-06
5795857115,2026-08-06,5795857115_2026-08-06
5795857109,2026-08-06,5795857109_2026-08-06
5795857111,2026-08-06,5795857111_2026-08-06
5794999997,2026-08-06,5794999997_2026-08-06
5794994204,2026-08-06,5794994204_2026-08-06
5794509175,2026-08-06,5794509175_2026-08-06
5794509199,2026-08-06,5794509199_2026-08-06
5793752746,2026-08-06,5793752746_2026-08-06
5793110760,2026-08-06,5793110760_2026-08-06
5792033156,2026-08-06,5792033156_2026-08-06
5791546201,2026-08-06,5791546201_2026-08-06
5776993857,2026-08-06,5776993857_2026-08-06
5776927803,2026-08-06,5776927803_2026-08-06
5775155479,2026-08-06,5775155479_2026-08-06
5770618513,2026-08-06,5770618513_2026-08-06
5764599590,2026-08-06,5764599590_2026-08-06
5756912166,2026-08-06,5756912166_2026-08-06
5753425721,2026-08-06,5753425721_2026-08-06
5750071716,2026-08-06,5750071716_2026-08-06
5742952443,2026-08-06,5742952443_2026-08-06
5706545739,2026-08-06,5706545739_2026-08-06
5704174529,2026-08-06,5704174529_2026-08-06
5661700267,2026-08-06,5661700267_2026-08-06
5655195272,2026-08-06,5655195272_2026-08-06
5549197295,2026-08-06,5549197295_2026-08-06
5827200281,2026-08-06,5827200281_2026-08-06
5820963272,2026-08-06,5820963272_2026-08-06
5800180701,2026-08-06,5800180701_2026-08-06
5760414295,2026-08-06,5760414295_2026-08-06
5760380207,2026-08-06,5760380207_2026-08-06
5584690423,2026-08-06,5584690423_2026-08-06
5487693705,2026-08-06,5487693705_2026-08-06
5472371029,2026-08-06,5472371029_2026-08-06
5398528750,2026-08-06,5398528750_2026-08-06
4791447253,2026-08-06,4791447253_2026-08-06
5815322956,2026-08-07,5815322956_2026-08-07
5743633024,2026-08-07,5743633024_2026-08-07
5710686417,2026-08-07,5710686417_2026-08-07
5697414865,2026-08-07,5697414865_2026-08-07
5697060529,2026-08-07,5697060529_2026-08-07
5831362872,2026-08-07,5831362872_2026-08-07
5831358877,2026-08-07,5831358877_2026-08-07
5831358548,2026-08-07,5831358548_2026-08-07
5831349693,2026-08-07,5831349693_2026-08-07
5830820937,2026-08-07,5830820937_2026-08-07
5830474941,2026-08-07,5830474941_2026-08-07
5830428794,2026-08-07,5830428794_2026-08-07
5830012539,2026-08-07,5830012539_2026-08-07
5829110414,2026-08-07,5829110414_2026-08-07
5828780470,2026-08-07,5828780470_2026-08-07
5828653498,2026-08-07,5828653498_2026-08-07
5825275846,2026-08-07,5825275846_2026-08-07
5823681570,2026-08-07,5823681570_2026-08-07
5822941839,2026-08-07,5822941839_2026-08-07
5822399286,2026-08-07,5822399286_2026-08-07
5822371327,2026-08-07,5822371327_2026-08-07
5820660977,2026-08-07,5820660977_2026-08-07
5816754870,2026-08-07,5816754870_2026-08-07
5814996595,2026-08-07,5814996595_2026-08-07
5814090729,2026-08-07,5814090729_2026-08-07
5814014475,2026-08-07,5814014475_2026-08-07
5813466324,2026-08-07,5813466324_2026-08-07
5812707252,2026-08-07,5812707252_2026-08-07
5812706197,2026-08-07,5812706197_2026-08-07
5812706168,2026-08-07,5812706168_2026-08-07
5810929455,2026-08-07,5810929455_2026-08-07
5810925850,2026-08-07,5810925850_2026-08-07
5810418047,2026-08-07,5810418047_2026-08-07
5810385556,2026-08-07,5810385556_2026-08-07
5809748765,2026-08-07,5809748765_2026-08-07
5801605315,2026-08-07,5801605315_2026-08-07
5800081827,2026-08-07,5800081827_2026-08-07
5799678696,2026-08-07,5799678696_2026-08-07
5799550062,2026-08-07,5799550062_2026-08-07
5799267007,2026-08-07,5799267007_2026-08-07
5796594231,2026-08-07,5796594231_2026-08-07
5796594236,2026-08-07,5796594236_2026-08-07
5796592933,2026-08-07,5796592933_2026-08-07
5796592937,2026-08-07,5796592937_2026-08-07
5796592947,2026-08-07,5796592947_2026-08-07
5796592934,2026-08-07,5796592934_2026-08-07
5796588595,2026-08-07,5796588595_2026-08-07
5795993915,2026-08-07,5795993915_2026-08-07
5795993970,2026-08-07,5795993970_2026-08-07
5795993973,2026-08-07,5795993973_2026-08-07
5795993931,2026-08-07,5795993931_2026-08-07
5795993941,2026-08-07,5795993941_2026-08-07
5795993955,2026-08-07,5795993955_2026-08-07
5795993952,2026-08-07,5795993952_2026-08-07
5795866489,2026-08-07,5795866489_2026-08-07
5795866479,2026-08-07,5795866479_2026-08-07
5795862941,2026-08-07,5795862941_2026-08-07
5795857112,2026-08-07,5795857112_2026-08-07
5795857115,2026-08-07,5795857115_2026-08-07
5795857109,2026-08-07,5795857109_2026-08-07
5795857111,2026-08-07,5795857111_2026-08-07
5794999997,2026-08-07,5794999997_2026-08-07
5794994204,2026-08-07,5794994204_2026-08-07
5794509175,2026-08-07,5794509175_2026-08-07
5794509199,2026-08-07,5794509199_2026-08-07
5793752746,2026-08-07,5793752746_2026-08-07
5793110760,2026-08-07,5793110760_2026-08-07
5792033156,2026-08-07,5792033156_2026-08-07
5791546201,2026-08-07,5791546201_2026-08-07
5781063070,2026-08-07,5781063070_2026-08-07
5780769668,2026-08-07,5780769668_2026-08-07
5776993857,2026-08-07,5776993857_2026-08-07
5776927803,2026-08-07,5776927803_2026-08-07
5775155479,2026-08-07,5775155479_2026-08-07
5770618513,2026-08-07,5770618513_2026-08-07
5764599590,2026-08-07,5764599590_2026-08-07
5756912166,2026-08-07,5756912166_2026-08-07
5753425721,2026-08-07,5753425721_2026-08-07
5750071716,2026-08-07,5750071716_2026-08-07
5742952443,2026-08-07,5742952443_2026-08-07
5706545739,2026-08-07,5706545739_2026-08-07
5704174529,2026-08-07,5704174529_2026-08-07
5661700267,2026-08-07,5661700267_2026-08-07
5655195272,2026-08-07,5655195272_2026-08-07
5549197295,2026-08-07,5549197295_2026-08-07
5827200281,2026-08-07,5827200281_2026-08-07
5820963272,2026-08-07,5820963272_2026-08-07
5800180701,2026-08-07,5800180701_2026-08-07
5760414295,2026-08-07,5760414295_2026-08-07
5760380207,2026-08-07,5760380207_2026-08-07
5584690423,2026-08-07,5584690423_2026-08-07
5487693705,2026-08-07,5487693705_2026-08-07
5472371029,2026-08-07,5472371029_2026-08-07
5398528750,2026-08-07,5398528750_2026-08-07
4791447253,2026-08-07,4791447253_2026-08-07
5815322956,2026-08-08,5815322956_2026-08-08
5743633024,2026-08-08,5743633024_2026-08-08
5710686417,2026-08-08,5710686417_2026-08-08
5697414865,2026-08-08,5697414865_2026-08-08
5697060529,2026-08-08,5697060529_2026-08-08
5832601665,2026-08-08,5832601665_2026-08-08
5832601545,2026-08-08,5832601545_2026-08-08
5832599909,2026-08-08,5832599909_2026-08-08
5832597255,2026-08-08,5832597255_2026-08-08
5832596255,2026-08-08,5832596255_2026-08-08
5832595971,2026-08-08,5832595971_2026-08-08
5832595842,2026-08-08,5832595842_2026-08-08
5832593222,2026-08-08,5832593222_2026-08-08
5832592529,2026-08-08,5832592529_2026-08-08
5832592523,2026-08-08,5832592523_2026-08-08
5832591277,2026-08-08,5832591277_2026-08-08
5832591269,2026-08-08,5832591269_2026-08-08
5832590225,2026-08-08,5832590225_2026-08-08
5832581815,2026-08-08,5832581815_2026-08-08
5832581531,2026-08-08,5832581531_2026-08-08
5832387036,2026-08-08,5832387036_2026-08-08
5832372470,2026-08-08,5832372470_2026-08-08
5832325249,2026-08-08,5832325249_2026-08-08
5830937022,2026-08-08,5830937022_2026-08-08
5830820937,2026-08-08,5830820937_2026-08-08
5830211115,2026-08-08,5830211115_2026-08-08
5830012539,2026-08-08,5830012539_2026-08-08
5829110414,2026-08-08,5829110414_2026-08-08
5828780470,2026-08-08,5828780470_2026-08-08
5828653498,2026-08-08,5828653498_2026-08-08
5827020894,2026-08-08,5827020894_2026-08-08
5825275846,2026-08-08,5825275846_2026-08-08
5823681570,2026-08-08,5823681570_2026-08-08
5822941839,2026-08-08,5822941839_2026-08-08
5822399286,2026-08-08,5822399286_2026-08-08
5822371327,2026-08-08,5822371327_2026-08-08
5820660977,2026-08-08,5820660977_2026-08-08
5819323850,2026-08-08,5819323850_2026-08-08
5816754870,2026-08-08,5816754870_2026-08-08
5814996595,2026-08-08,5814996595_2026-08-08
5814090729,2026-08-08,5814090729_2026-08-08
5814014475,2026-08-08,5814014475_2026-08-08
5813466324,2026-08-08,5813466324_2026-08-08
5813107932,2026-08-08,5813107932_2026-08-08
5812707252,2026-08-08,5812707252_2026-08-08
5812706197,2026-08-08,5812706197_2026-08-08
5812706168,2026-08-08,5812706168_2026-08-08
5811834305,2026-08-08,5811834305_2026-08-08
5810929455,2026-08-08,5810929455_2026-08-08
5810925850,2026-08-08,5810925850_2026-08-08
5810418047,2026-08-08,5810418047_2026-08-08
5810385556,2026-08-08,5810385556_2026-08-08
5809748765,2026-08-08,5809748765_2026-08-08
5803473046,2026-08-08,5803473046_2026-08-08
5801605315,2026-08-08,5801605315_2026-08-08
5800081827,2026-08-08,5800081827_2026-08-08
5799678696,2026-08-08,5799678696_2026-08-08
5799550062,2026-08-08,5799550062_2026-08-08
5796594236,2026-08-08,5796594236_2026-08-08
5796594231,2026-08-08,5796594231_2026-08-08
5796592937,2026-08-08,5796592937_2026-08-08
5796592933,2026-08-08,5796592933_2026-08-08
5796592934,2026-08-08,5796592934_2026-08-08
5796592947,2026-08-08,5796592947_2026-08-08
5796588595,2026-08-08,5796588595_2026-08-08
5795993941,2026-08-08,5795993941_2026-08-08
5795993955,2026-08-08,5795993955_2026-08-08
5795993952,2026-08-08,5795993952_2026-08-08
5795993915,2026-08-08,5795993915_2026-08-08
5795993931,2026-08-08,5795993931_2026-08-08
5795993970,2026-08-08,5795993970_2026-08-08
5795993973,2026-08-08,5795993973_2026-08-08
5795866489,2026-08-08,5795866489_2026-08-08
5795866479,2026-08-08,5795866479_2026-08-08
5795862941,2026-08-08,5795862941_2026-08-08
5795857112,2026-08-08,5795857112_2026-08-08
5795857115,2026-08-08,5795857115_2026-08-08
5795857109,2026-08-08,5795857109_2026-08-08
5795857111,2026-08-08,5795857111_2026-08-08
5794999997,2026-08-08,5794999997_2026-08-08
5794994204,2026-08-08,5794994204_2026-08-08
5793752746,2026-08-08,5793752746_2026-08-08
5793110760,2026-08-08,5793110760_2026-08-08
5792033156,2026-08-08,5792033156_2026-08-08
5791546201,2026-08-08,5791546201_2026-08-08
5779965157,2026-08-08,5779965157_2026-08-08
5776993857,2026-08-08,5776993857_2026-08-08
5776927803,2026-08-08,5776927803_2026-08-08
5775155479,2026-08-08,5775155479_2026-08-08
5770618513,2026-08-08,5770618513_2026-08-08
5764599590,2026-08-08,5764599590_2026-08-08
5756912166,2026-08-08,5756912166_2026-08-08
5753425721,2026-08-08,5753425721_2026-08-08
5750071716,2026-08-08,5750071716_2026-08-08
5706545739,2026-08-08,5706545739_2026-08-08
5704174529,2026-08-08,5704174529_2026-08-08
5661700267,2026-08-08,5661700267_2026-08-08
5549197295,2026-08-08,5549197295_2026-08-08
5827200281,2026-08-08,5827200281_2026-08-08
5820963272,2026-08-08,5820963272_2026-08-08
5800180701,2026-08-08,5800180701_2026-08-08
5760414295,2026-08-08,5760414295_2026-08-08
5760380207,2026-08-08,5760380207_2026-08-08
5741745168,2026-08-08,5741745168_2026-08-08
5584690423,2026-08-08,5584690423_2026-08-08
5487693705,2026-08-08,5487693705_2026-08-08
5472371029,2026-08-08,5472371029_2026-08-08
5398528750,2026-08-08,5398528750_2026-08-08
4791447253,2026-08-08,4791447253_2026-08-08
5815322956,2026-08-09,5815322956_2026-08-09
5743633024,2026-08-09,5743633024_2026-08-09
5710686417,2026-08-09,5710686417_2026-08-09
5697414865,2026-08-09,5697414865_2026-08-09
5697060529,2026-08-09,5697060529_2026-08-09
5832387036,2026-08-09,5832387036_2026-08-09
5832372470,2026-08-09,5832372470_2026-08-09
5830820937,2026-08-09,5830820937_2026-08-09
5830211115,2026-08-09,5830211115_2026-08-09
5830012539,2026-08-09,5830012539_2026-08-09
5829110414,2026-08-09,5829110414_2026-08-09
5828780470,2026-08-09,5828780470_2026-08-09
5828653498,2026-08-09,5828653498_2026-08-09
5825275846,2026-08-09,5825275846_2026-08-09
5823681570,2026-08-09,5823681570_2026-08-09
5822941839,2026-08-09,5822941839_2026-08-09
5822371327,2026-08-09,5822371327_2026-08-09
5820660977,2026-08-09,5820660977_2026-08-09
5816754870,2026-08-09,5816754870_2026-08-09
5814996595,2026-08-09,5814996595_2026-08-09
5813466324,2026-08-09,5813466324_2026-08-09
5812707252,2026-08-09,5812707252_2026-08-09
5812706197,2026-08-09,5812706197_2026-08-09
5812706168,2026-08-09,5812706168_2026-08-09
5810929455,2026-08-09,5810929455_2026-08-09
5810925850,2026-08-09,5810925850_2026-08-09
5810418047,2026-08-09,5810418047_2026-08-09
5810385556,2026-08-09,5810385556_2026-08-09
5809748765,2026-08-09,5809748765_2026-08-09
5801605315,2026-08-09,5801605315_2026-08-09
5800081827,2026-08-09,5800081827_2026-08-09
5799678696,2026-08-09,5799678696_2026-08-09
5799550062,2026-08-09,5799550062_2026-08-09
5796594236,2026-08-09,5796594236_2026-08-09
5796594231,2026-08-09,5796594231_2026-08-09
5796592937,2026-08-09,5796592937_2026-08-09
5796592933,2026-08-09,5796592933_2026-08-09
5796592934,2026-08-09,5796592934_2026-08-09
5796592947,2026-08-09,5796592947_2026-08-09
5796588595,2026-08-09,5796588595_2026-08-09
5795993941,2026-08-09,5795993941_2026-08-09
5795993955,2026-08-09,5795993955_2026-08-09
5795993952,2026-08-09,5795993952_2026-08-09
5795993915,2026-08-09,5795993915_2026-08-09
5795993931,2026-08-09,5795993931_2026-08-09
5795993970,2026-08-09,5795993970_2026-08-09
5795993973,2026-08-09,5795993973_2026-08-09
5795866489,2026-08-09,5795866489_2026-08-09
5795866479,2026-08-09,5795866479_2026-08-09
5795862941,2026-08-09,5795862941_2026-08-09
5795857112,2026-08-09,5795857112_2026-08-09
5795857115,2026-08-09,5795857115_2026-08-09
5795857109,2026-08-09,5795857109_2026-08-09
5795857111,2026-08-09,5795857111_2026-08-09
5794999997,2026-08-09,5794999997_2026-08-09
5794994204,2026-08-09,5794994204_2026-08-09
5793752746,2026-08-09,5793752746_2026-08-09
5793110760,2026-08-09,5793110760_2026-08-09
5792033156,2026-08-09,5792033156_2026-08-09
5791546201,2026-08-09,5791546201_2026-08-09
5776993857,2026-08-09,5776993857_2026-08-09
5776927803,2026-08-09,5776927803_2026-08-09
5775155479,2026-08-09,5775155479_2026-08-09
5770618513,2026-08-09,5770618513_2026-08-09
5764599590,2026-08-09,5764599590_2026-08-09
5756912166,2026-08-09,5756912166_2026-08-09
5753425721,2026-08-09,5753425721_2026-08-09
5750071716,2026-08-09,5750071716_2026-08-09
5706545739,2026-08-09,5706545739_2026-08-09
5704174529,2026-08-09,5704174529_2026-08-09
5549197295,2026-08-09,5549197295_2026-08-09
5827200281,2026-08-09,5827200281_2026-08-09
5820963272,2026-08-09,5820963272_2026-08-09
5800180701,2026-08-09,5800180701_2026-08-09
5760414295,2026-08-09,5760414295_2026-08-09
5760380207,2026-08-09,5760380207_2026-08-09
5741745168,2026-08-09,5741745168_2026-08-09
5584690423,2026-08-09,5584690423_2026-08-09
5487693705,2026-08-09,5487693705_2026-08-09
5472371029,2026-08-09,5472371029_2026-08-09
5398528750,2026-08-09,5398528750_2026-08-09
4791447253,2026-08-09,4791447253_2026-08-09
5815322956,2026-08-10,5815322956_2026-08-10
5743633024,2026-08-10,5743633024_2026-08-10
5710686417,2026-08-10,5710686417_2026-08-10
5697414865,2026-08-10,5697414865_2026-08-10
5697060529,2026-08-10,5697060529_2026-08-10
5832601665,2026-08-10,5832601665_2026-08-10
5832597255,2026-08-10,5832597255_2026-08-10
5832595971,2026-08-10,5832595971_2026-08-10
5832595842,2026-08-10,5832595842_2026-08-10
5832588480,2026-08-10,5832588480_2026-08-10
5832387036,2026-08-10,5832387036_2026-08-10
5832372470,2026-08-10,5832372470_2026-08-10
5830820937,2026-08-10,5830820937_2026-08-10
5830211115,2026-08-10,5830211115_2026-08-10
5830012539,2026-08-10,5830012539_2026-08-10
5829110414,2026-08-10,5829110414_2026-08-10
5828780470,2026-08-10,5828780470_2026-08-10
5825275846,2026-08-10,5825275846_2026-08-10
5823681570,2026-08-10,5823681570_2026-08-10
5822941839,2026-08-10,5822941839_2026-08-10
5822371327,2026-08-10,5822371327_2026-08-10
5820660977,2026-08-10,5820660977_2026-08-10
5819323850,2026-08-10,5819323850_2026-08-10
5816754870,2026-08-10,5816754870_2026-08-10
5814996595,2026-08-10,5814996595_2026-08-10
5813466324,2026-08-10,5813466324_2026-08-10
5812707252,2026-08-10,5812707252_2026-08-10
5812706197,2026-08-10,5812706197_2026-08-10
5812706168,2026-08-10,5812706168_2026-08-10
5810929455,2026-08-10,5810929455_2026-08-10
5810925850,2026-08-10,5810925850_2026-08-10
5810418047,2026-08-10,5810418047_2026-08-10
5810385556,2026-08-10,5810385556_2026-08-10
5809748765,2026-08-10,5809748765_2026-08-10
5801605315,2026-08-10,5801605315_2026-08-10
5800081827,2026-08-10,5800081827_2026-08-10
5799550062,2026-08-10,5799550062_2026-08-10
5796594236,2026-08-10,5796594236_2026-08-10
5796594231,2026-08-10,5796594231_2026-08-10
5796592937,2026-08-10,5796592937_2026-08-10
5796592933,2026-08-10,5796592933_2026-08-10
5796592934,2026-08-10,5796592934_2026-08-10
5796592947,2026-08-10,5796592947_2026-08-10
5796588595,2026-08-10,5796588595_2026-08-10
5795993941,2026-08-10,5795993941_2026-08-10
5795993955,2026-08-10,5795993955_2026-08-10
5795993952,2026-08-10,5795993952_2026-08-10
5795993915,2026-08-10,5795993915_2026-08-10
5795993931,2026-08-10,5795993931_2026-08-10
5795993970,2026-08-10,5795993970_2026-08-10
5795993973,2026-08-10,5795993973_2026-08-10
5795866489,2026-08-10,5795866489_2026-08-10
5795866479,2026-08-10,5795866479_2026-08-10
5795862941,2026-08-10,5795862941_2026-08-10
5795857115,2026-08-10,5795857115_2026-08-10
5795857112,2026-08-10,5795857112_2026-08-10
5795857111,2026-08-10,5795857111_2026-08-10
5795857109,2026-08-10,5795857109_2026-08-10
5794999997,2026-08-10,5794999997_2026-08-10
5794994204,2026-08-10,5794994204_2026-08-10
5793752746,2026-08-10,5793752746_2026-08-10
5793110760,2026-08-10,5793110760_2026-08-10
5792033156,2026-08-10,5792033156_2026-08-10
5791546201,2026-08-10,5791546201_2026-08-10
5776993857,2026-08-10,5776993857_2026-08-10
5776927803,2026-08-10,5776927803_2026-08-10
5775155479,2026-08-10,5775155479_2026-08-10
5770618513,2026-08-10,5770618513_2026-08-10
5764599590,2026-08-10,5764599590_2026-08-10
5756912166,2026-08-10,5756912166_2026-08-10
5753425721,2026-08-10,5753425721_2026-08-10
5750071716,2026-08-10,5750071716_2026-08-10
5706545739,2026-08-10,5706545739_2026-08-10
5704174529,2026-08-10,5704174529_2026-08-10
5549197295,2026-08-10,5549197295_2026-08-10
5827200281,2026-08-10,5827200281_2026-08-10
5820963272,2026-08-10,5820963272_2026-08-10
5800180701,2026-08-10,5800180701_2026-08-10
5760414295,2026-08-10,5760414295_2026-08-10
5760380207,2026-08-10,5760380207_2026-08-10
5741745168,2026-08-10,5741745168_2026-08-10
5584690423,2026-08-10,5584690423_2026-08-10
5487693705,2026-08-10,5487693705_2026-08-10
5472371029,2026-08-10,5472371029_2026-08-10
5398528750,2026-08-10,5398528750_2026-08-10
4791447253,2026-08-10,4791447253_2026-08-10
5831967031,2026-08-11,5831967031_2026-08-11
5815322956,2026-08-11,5815322956_2026-08-11
5743633024,2026-08-11,5743633024_2026-08-11
5710686417,2026-08-11,5710686417_2026-08-11
5697414865,2026-08-11,5697414865_2026-08-11
5697060529,2026-08-11,5697060529_2026-08-11
5835926025,2026-08-11,5835926025_2026-08-11
5832601665,2026-08-11,5832601665_2026-08-11
5832597255,2026-08-11,5832597255_2026-08-11
5832595971,2026-08-11,5832595971_2026-08-11
5832595842,2026-08-11,5832595842_2026-08-11
5832588480,2026-08-11,5832588480_2026-08-11
5832387036,2026-08-11,5832387036_2026-08-11
5832372470,2026-08-11,5832372470_2026-08-11
5830820937,2026-08-11,5830820937_2026-08-11
5830211115,2026-08-11,5830211115_2026-08-11
5830012539,2026-08-11,5830012539_2026-08-11
5829110414,2026-08-11,5829110414_2026-08-11
5828780470,2026-08-11,5828780470_2026-08-11
5825275846,2026-08-11,5825275846_2026-08-11
5823681570,2026-08-11,5823681570_2026-08-11
5822941839,2026-08-11,5822941839_2026-08-11
5822371327,2026-08-11,5822371327_2026-08-11
5820660977,2026-08-11,5820660977_2026-08-11
5816754870,2026-08-11,5816754870_2026-08-11
5814996595,2026-08-11,5814996595_2026-08-11
5813466324,2026-08-11,5813466324_2026-08-11
5812707252,2026-08-11,5812707252_2026-08-11
5812706197,2026-08-11,5812706197_2026-08-11
5812706168,2026-08-11,5812706168_2026-08-11
5810929455,2026-08-11,5810929455_2026-08-11
5810925850,2026-08-11,5810925850_2026-08-11
5810418047,2026-08-11,5810418047_2026-08-11
5810385556,2026-08-11,5810385556_2026-08-11
5809748765,2026-08-11,5809748765_2026-08-11
5803473046,2026-08-11,5803473046_2026-08-11
5801605315,2026-08-11,5801605315_2026-08-11
5800081827,2026-08-11,5800081827_2026-08-11
5799550062,2026-08-11,5799550062_2026-08-11
5796594236,2026-08-11,5796594236_2026-08-11
5796594231,2026-08-11,5796594231_2026-08-11
5796592937,2026-08-11,5796592937_2026-08-11
5796592947,2026-08-11,5796592947_2026-08-11
5796592934,2026-08-11,5796592934_2026-08-11
5796592933,2026-08-11,5796592933_2026-08-11
5796588595,2026-08-11,5796588595_2026-08-11
5795993941,2026-08-11,5795993941_2026-08-11
5795993955,2026-08-11,5795993955_2026-08-11
5795993952,2026-08-11,5795993952_2026-08-11
5795993915,2026-08-11,5795993915_2026-08-11
5795993931,2026-08-11,5795993931_2026-08-11
5795993970,2026-08-11,5795993970_2026-08-11
5795993973,2026-08-11,5795993973_2026-08-11
5795866489,2026-08-11,5795866489_2026-08-11
5795866479,2026-08-11,5795866479_2026-08-11
5795862941,2026-08-11,5795862941_2026-08-11
5795857115,2026-08-11,5795857115_2026-08-11
5795857112,2026-08-11,5795857112_2026-08-11
5795857111,2026-08-11,5795857111_2026-08-11
5795857109,2026-08-11,5795857109_2026-08-11
5794999997,2026-08-11,5794999997_2026-08-11
5794994204,2026-08-11,5794994204_2026-08-11
5793752746,2026-08-11,5793752746_2026-08-11
5793110760,2026-08-11,5793110760_2026-08-11
5792033156,2026-08-11,5792033156_2026-08-11
5791546201,2026-08-11,5791546201_2026-08-11
5776993857,2026-08-11,5776993857_2026-08-11
5776927803,2026-08-11,5776927803_2026-08-11
5775155479,2026-08-11,5775155479_2026-08-11
5770618513,2026-08-11,5770618513_2026-08-11
5764599590,2026-08-11,5764599590_2026-08-11
5756912166,2026-08-11,5756912166_2026-08-11
5753425721,2026-08-11,5753425721_2026-08-11
5750071716,2026-08-11,5750071716_2026-08-11
5706545739,2026-08-11,5706545739_2026-08-11
5704174529,2026-08-11,5704174529_2026-08-11
5549197295,2026-08-11,5549197295_2026-08-11
5827200281,2026-08-11,5827200281_2026-08-11
5820963272,2026-08-11,5820963272_2026-08-11
5800180701,2026-08-11,5800180701_2026-08-11
5760414295,2026-08-11,5760414295_2026-08-11
5760380207,2026-08-11,5760380207_2026-08-11
5741745168,2026-08-11,5741745168_2026-08-11
5584690423,2026-08-11,5584690423_2026-08-11
5487693705,2026-08-11,5487693705_2026-08-11
5472371029,2026-08-11,5472371029_2026-08-11
5398528750,2026-08-11,5398528750_2026-08-11
4791447253,2026-08-11,4791447253_2026-08-11
5831967031,2026-08-12,5831967031_2026-08-12
5815322956,2026-08-12,5815322956_2026-08-12
5743633024,2026-08-12,5743633024_2026-08-12
5710686417,2026-08-12,5710686417_2026-08-12
5697414865,2026-08-12,5697414865_2026-08-12
5697060529,2026-08-12,5697060529_2026-08-12
5837385685,2026-08-12,5837385685_2026-08-12
5837196578,2026-08-12,5837196578_2026-08-12
5836437123,2026-08-12,5836437123_2026-08-12
5836407184,2026-08-12,5836407184_2026-08-12
5835926025,2026-08-12,5835926025_2026-08-12
5832597255,2026-08-12,5832597255_2026-08-12
5832595971,2026-08-12,5832595971_2026-08-12
5832595842,2026-08-12,5832595842_2026-08-12
5832586807,2026-08-12,5832586807_2026-08-12
5832387036,2026-08-12,5832387036_2026-08-12
5832372470,2026-08-12,5832372470_2026-08-12
5830820937,2026-08-12,5830820937_2026-08-12
5830211115,2026-08-12,5830211115_2026-08-12
5830012539,2026-08-12,5830012539_2026-08-12
5829110414,2026-08-12,5829110414_2026-08-12
5828780470,2026-08-12,5828780470_2026-08-12
5825275846,2026-08-12,5825275846_2026-08-12
5823681570,2026-08-12,5823681570_2026-08-12
5822941839,2026-08-12,5822941839_2026-08-12
5822371327,2026-08-12,5822371327_2026-08-12
5822350191,2026-08-12,5822350191_2026-08-12
5820660977,2026-08-12,5820660977_2026-08-12
5819323850,2026-08-12,5819323850_2026-08-12
5816754870,2026-08-12,5816754870_2026-08-12
5814996595,2026-08-12,5814996595_2026-08-12
5813466324,2026-08-12,5813466324_2026-08-12
5813107932,2026-08-12,5813107932_2026-08-12
5812707252,2026-08-12,5812707252_2026-08-12
5812706197,2026-08-12,5812706197_2026-08-12
5812706168,2026-08-12,5812706168_2026-08-12
5812565012,2026-08-12,5812565012_2026-08-12
5810929455,2026-08-12,5810929455_2026-08-12
5810925850,2026-08-12,5810925850_2026-08-12
5810418047,2026-08-12,5810418047_2026-08-12
5810385556,2026-08-12,5810385556_2026-08-12
5801605315,2026-08-12,5801605315_2026-08-12
5800081827,2026-08-12,5800081827_2026-08-12
5799550062,2026-08-12,5799550062_2026-08-12
5796594236,2026-08-12,5796594236_2026-08-12
5796594231,2026-08-12,5796594231_2026-08-12
5796592937,2026-08-12,5796592937_2026-08-12
5796592947,2026-08-12,5796592947_2026-08-12
5796592934,2026-08-12,5796592934_2026-08-12
5796592933,2026-08-12,5796592933_2026-08-12
5796588595,2026-08-12,5796588595_2026-08-12
5795993941,2026-08-12,5795993941_2026-08-12
5795993955,2026-08-12,5795993955_2026-08-12
5795993952,2026-08-12,5795993952_2026-08-12
5795993915,2026-08-12,5795993915_2026-08-12
5795993931,2026-08-12,5795993931_2026-08-12
5795993970,2026-08-12,5795993970_2026-08-12
5795993973,2026-08-12,5795993973_2026-08-12
5795866489,2026-08-12,5795866489_2026-08-12
5795866479,2026-08-12,5795866479_2026-08-12
5795862941,2026-08-12,5795862941_2026-08-12
5795857115,2026-08-12,5795857115_2026-08-12
5795857112,2026-08-12,5795857112_2026-08-12
5795857111,2026-08-12,5795857111_2026-08-12
5795857109,2026-08-12,5795857109_2026-08-12
5794999997,2026-08-12,5794999997_2026-08-12
5794994204,2026-08-12,5794994204_2026-08-12
5793752746,2026-08-12,5793752746_2026-08-12
5793110760,2026-08-12,5793110760_2026-08-12
5792033156,2026-08-12,5792033156_2026-08-12
5791546201,2026-08-12,5791546201_2026-08-12
5776993857,2026-08-12,5776993857_2026-08-12
5776927803,2026-08-12,5776927803_2026-08-12
5764599590,2026-08-12,5764599590_2026-08-12
5756912166,2026-08-12,5756912166_2026-08-12
5753425721,2026-08-12,5753425721_2026-08-12
5751318463,2026-08-12,5751318463_2026-08-12
5750071716,2026-08-12,5750071716_2026-08-12
5706545739,2026-08-12,5706545739_2026-08-12
5704174529,2026-08-12,5704174529_2026-08-12
5549197295,2026-08-12,5549197295_2026-08-12
5827200281,2026-08-12,5827200281_2026-08-12
5800180701,2026-08-12,5800180701_2026-08-12
5760414295,2026-08-12,5760414295_2026-08-12
5760380207,2026-08-12,5760380207_2026-08-12
5741745168,2026-08-12,5741745168_2026-08-12
5584690423,2026-08-12,5584690423_2026-08-12
5487693705,2026-08-12,5487693705_2026-08-12
5472371029,2026-08-12,5472371029_2026-08-12
5398528750,2026-08-12,5398528750_2026-08-12
4791447253,2026-08-12,4791447253_2026-08-12
5831967031,2026-08-13,5831967031_2026-08-13
5815322956,2026-08-13,5815322956_2026-08-13
5743633024,2026-08-13,5743633024_2026-08-13
5710686417,2026-08-13,5710686417_2026-08-13
5697414865,2026-08-13,5697414865_2026-08-13
5697060529,2026-08-13,5697060529_2026-08-13
5839180201,2026-08-13,5839180201_2026-08-13
5838655272,2026-08-13,5838655272_2026-08-13
5838634374,2026-08-13,5838634374_2026-08-13
5838332786,2026-08-13,5838332786_2026-08-13
5837563490,2026-08-13,5837563490_2026-08-13
5836437123,2026-08-13,5836437123_2026-08-13
5835926025,2026-08-13,5835926025_2026-08-13
5832387036,2026-08-13,5832387036_2026-08-13
5832372470,2026-08-13,5832372470_2026-08-13
5830428794,2026-08-13,5830428794_2026-08-13
5830211115,2026-08-13,5830211115_2026-08-13
5830012539,2026-08-13,5830012539_2026-08-13
5829110414,2026-08-13,5829110414_2026-08-13
5828780470,2026-08-13,5828780470_2026-08-13
5825275846,2026-08-13,5825275846_2026-08-13
5823681570,2026-08-13,5823681570_2026-08-13
5822941839,2026-08-13,5822941839_2026-08-13
5822371327,2026-08-13,5822371327_2026-08-13
5820660977,2026-08-13,5820660977_2026-08-13
5816754870,2026-08-13,5816754870_2026-08-13
5813466324,2026-08-13,5813466324_2026-08-13
5812707252,2026-08-13,5812707252_2026-08-13
5812706197,2026-08-13,5812706197_2026-08-13
5812706168,2026-08-13,5812706168_2026-08-13
5810929455,2026-08-13,5810929455_2026-08-13
5810925850,2026-08-13,5810925850_2026-08-13
5810418047,2026-08-13,5810418047_2026-08-13
5810385556,2026-08-13,5810385556_2026-08-13
5809317343,2026-08-13,5809317343_2026-08-13
5809106734,2026-08-13,5809106734_2026-08-13
5801605315,2026-08-13,5801605315_2026-08-13
5800081827,2026-08-13,5800081827_2026-08-13
5796594231,2026-08-13,5796594231_2026-08-13
5796594236,2026-08-13,5796594236_2026-08-13
5796592934,2026-08-13,5796592934_2026-08-13
5796592937,2026-08-13,5796592937_2026-08-13
5796592947,2026-08-13,5796592947_2026-08-13
5795993941,2026-08-13,5795993941_2026-08-13
5795993955,2026-08-13,5795993955_2026-08-13
5795993952,2026-08-13,5795993952_2026-08-13
5795993915,2026-08-13,5795993915_2026-08-13
5795993931,2026-08-13,5795993931_2026-08-13
5795993970,2026-08-13,5795993970_2026-08-13
5795993973,2026-08-13,5795993973_2026-08-13
5795866489,2026-08-13,5795866489_2026-08-13
5795866479,2026-08-13,5795866479_2026-08-13
5795862941,2026-08-13,5795862941_2026-08-13
5795857115,2026-08-13,5795857115_2026-08-13
5795857112,2026-08-13,5795857112_2026-08-13
5795857111,2026-08-13,5795857111_2026-08-13
5795857109,2026-08-13,5795857109_2026-08-13
5794999997,2026-08-13,5794999997_2026-08-13
5794994204,2026-08-13,5794994204_2026-08-13
5793752746,2026-08-13,5793752746_2026-08-13
5793110760,2026-08-13,5793110760_2026-08-13
5792033156,2026-08-13,5792033156_2026-08-13
5791546201,2026-08-13,5791546201_2026-08-13
5776993857,2026-08-13,5776993857_2026-08-13
5776927803,2026-08-13,5776927803_2026-08-13
5764599590,2026-08-13,5764599590_2026-08-13
5756912166,2026-08-13,5756912166_2026-08-13
5753425721,2026-08-13,5753425721_2026-08-13
5751318463,2026-08-13,5751318463_2026-08-13
5750071716,2026-08-13,5750071716_2026-08-13
5706545739,2026-08-13,5706545739_2026-08-13
5704174529,2026-08-13,5704174529_2026-08-13
5549197295,2026-08-13,5549197295_2026-08-13
5838170849,2026-08-13,5838170849_2026-08-13
5827200281,2026-08-13,5827200281_2026-08-13
5800180701,2026-08-13,5800180701_2026-08-13
5760414295,2026-08-13,5760414295_2026-08-13
5760380207,2026-08-13,5760380207_2026-08-13
5741745168,2026-08-13,5741745168_2026-08-13
5584690423,2026-08-13,5584690423_2026-08-13
5487693705,2026-08-13,5487693705_2026-08-13
5472371029,2026-08-13,5472371029_2026-08-13
5398528750,2026-08-13,5398528750_2026-08-13
4791447253,2026-08-13,4791447253_2026-08-13
